# Blender 4.0.2
# www.blender.org
mtllib model.mtl
o Model
v 121.319717 71.249962 206.536255
v 66.704605 32.340538 220.332214
v 62.615532 65.706329 209.784485
v 65.579056 -174.883194 -138.072662
v -14.560287 53.509434 167.091431
v 24.543091 48.328697 206.491211
v 2.747955 53.350807 223.639099
v 35.072815 4.355756 168.393219
v 24.729889 25.342394 223.939880
v 43.736221 -146.257736 -123.701454
v 34.772552 -101.026985 -144.861267
v 37.557816 -160.406204 -102.514107
v 20.693237 -116.656624 -125.280586
v 14.920731 -160.834137 -99.378258
v 50.005295 -227.524506 -61.425228
v 41.164612 -226.303619 -46.150101
v 27.525223 -255.825287 -12.268749
v -89.095306 17.570599 -54.873734
v 55.577560 -285.434723 -15.240182
v 71.489334 86.560043 7.552667
v 51.824860 64.926369 223.245636
v 100.810265 116.744255 86.924919
v 104.133957 116.816963 102.368340
v 33.604706 -176.095764 -95.900444
v 9.150818 45.600624 208.105591
v 124.747086 51.659187 202.008453
v 62.232376 70.802368 200.632324
v 56.731956 65.726334 205.868469
v 66.858536 63.851471 217.294312
v 68.979408 68.525871 207.063782
v 58.976486 63.551704 216.010132
v 63.033081 43.411610 231.686432
v 69.397705 -170.791000 -126.594276
v 62.560310 -184.944534 -140.348999
v 61.954460 -163.620468 -142.770905
v 56.401810 -171.253036 -148.384262
v 68.640427 -182.649002 -128.316055
v 61.098389 -167.154282 -101.309967
v 55.131927 -187.306503 -108.312286
v 14.702515 35.838943 192.018188
v -6.400940 55.135868 166.779724
v -12.495316 50.862682 175.313232
v -21.703583 53.431919 163.194336
v -12.933929 58.394863 157.283905
v -19.221466 50.813793 175.186676
v 31.128326 53.951134 207.190155
v 31.287369 49.766014 200.257111
v 23.790100 44.449043 201.420563
v 22.883224 50.200233 212.825989
v 16.661224 45.144608 208.251129
v 23.799652 39.389809 189.332886
v 20.417145 37.803703 192.809052
v 7.939606 48.724831 214.429260
v -3.221786 56.131947 236.746033
v 1.146683 54.984379 239.921844
v -5.800201 54.332348 243.479309
v -10.334137 53.487804 235.730042
v 17.969849 -74.501122 -144.113220
v 54.084152 19.845991 173.015503
v 51.610611 26.511442 164.434387
v 46.545715 14.156446 162.846588
v 36.289963 3.111174 182.329559
v 25.929947 0.623884 178.658783
v 44.529282 6.704648 170.420593
v 30.615616 5.829312 160.040192
v 8.282349 7.635894 189.597351
v 10.914215 5.632704 180.093323
v 32.586136 27.368319 221.428040
v 25.217728 32.653671 227.316040
v 28.932709 19.362780 216.341431
v 18.060837 27.810183 229.620483
v 19.996399 19.477587 222.590851
v 26.997833 -106.075691 -133.508759
v 34.181152 -114.135445 -144.371536
v 32.001007 -89.773216 -144.647171
v 39.633041 -108.777931 -150.612503
v 29.482986 -123.937355 -137.548630
v 40.692703 -126.155617 -145.963928
v 35.013794 -152.090927 -108.055519
v 49.019257 -159.306656 -106.828873
v 46.838806 -166.076813 -100.080093
v 25.309204 -157.085312 -102.570877
v 30.689346 -166.887482 -96.489807
v 20.097092 -122.162270 -121.859459
v 23.892471 -121.560799 -128.954330
v 25.113510 -115.774757 -131.605499
v 21.354706 -110.874519 -126.963997
v 16.556885 -112.016243 -120.761955
v 14.353714 -166.719177 -96.815750
v 53.558594 -280.552277 4.683584
v 35.444580 -222.899536 -50.701202
v 33.949341 -226.009430 -44.530762
v 44.849213 -224.616455 -51.586792
v 39.306427 -230.303070 -39.269375
v 35.878479 -265.044922 -4.930202
v 35.698242 -290.039886 -5.036035
v 33.700912 -287.103058 -3.694131
v 8.743851 -234.190063 -31.510054
v -100.255920 15.229382 -54.164352
v -96.621124 13.585170 -58.192368
v -82.669128 14.917277 -58.344254
v -83.656586 19.937893 -54.481628
v -87.463165 22.335186 -52.796631
v 1.683533 49.983829 243.469299
v -94.734772 34.508770 -39.245869
v -99.111053 25.252911 -45.687988
v 74.546341 90.633629 11.483224
v 69.769035 89.859108 19.384178
v 75.227707 90.401871 -2.413734
v 66.157776 85.217842 13.082376
v 74.583305 104.229561 18.194023
v 40.366455 -172.217346 -97.462151
v 25.472244 -173.382233 -92.223511
v 29.940536 -181.432007 -91.958183
v 13.020874 41.782814 202.510101
v 4.646957 44.821228 204.114624
v 0.353317 48.485725 210.462341
v 7.772125 41.439545 182.835083
v 10.094955 39.122017 185.570099
v 5.322083 41.759796 190.106506
v 7.822861 41.638420 198.469177
v 17.000259 35.638031 192.768494
v 14.125656 36.302864 184.225067
v 16.507355 36.171852 183.737152
v 17.367371 39.464005 180.444824
v 14.428711 41.854591 177.272217
v 20.416382 38.543434 184.380493
v 13.758835 47.007107 174.709656
v 23.156052 43.398338 181.505524
v 18.673111 51.259060 175.571259
v 12.153870 60.730267 170.541046
v 25.737427 58.962029 178.543243
v 18.215134 68.078659 173.270752
v 10.476242 77.485985 167.626221
v 26.416840 76.695045 175.642609
v 18.962006 85.647285 170.120697
v 11.357925 95.315186 164.954742
v 28.905014 94.177589 169.565643
v 21.396332 103.568657 162.999954
v 13.677063 114.048157 155.563370
v 32.334427 110.564377 160.151993
v 25.519379 119.312965 151.276535
v 20.661896 127.061180 139.948563
v 39.171371 124.977699 148.847672
v 35.011459 131.658768 137.426895
v 32.042908 136.039825 124.175774
v 50.621368 135.647064 134.520554
v 47.739716 139.439713 121.311211
v 45.386887 141.201279 107.054405
v 63.670525 138.716751 116.828087
v 60.983025 140.749603 102.865929
v 58.460876 141.073593 88.240898
v 76.171783 139.669998 97.258080
v 73.261192 140.028824 82.475548
v 69.902611 140.063980 67.672020
v 86.909332 138.232300 75.779228
v 82.710075 137.671112 60.536884
v 78.926537 136.700668 46.868641
v 90.216728 135.745697 56.487568
v 87.551384 133.534576 42.367649
v 79.996117 132.400665 31.418219
v 90.754913 127.036179 40.730412
v 82.337860 126.583115 30.423132
v 79.246223 125.334595 19.812429
v 78.985764 116.596046 31.924353
v 76.915558 116.710655 20.139090
v 77.490036 104.074036 30.328438
v 76.588943 97.088989 31.347435
v 73.254242 94.239738 17.941612
v 71.888565 94.413589 33.722649
v 64.632843 94.626343 35.505928
v 61.753822 89.010201 21.754921
v 56.570229 82.404716 7.977533
v 48.479202 93.126312 23.993721
v 44.341766 89.174171 11.043694
v 38.276566 84.668465 -0.888266
v 29.142380 92.669029 16.697121
v 23.846466 88.370056 5.220040
v 17.752060 82.720032 -5.155783
v 8.896851 88.881607 11.154336
v 3.440262 83.875618 0.746454
v -2.272537 77.198143 -8.610662
v -10.896988 82.891571 6.218927
v -15.863876 76.081985 -3.256887
v -20.902802 68.096245 -11.984090
v -29.020279 72.925362 1.741038
v -33.933350 66.747467 -7.921896
v -38.923386 59.673698 -17.650410
v -47.234818 65.592026 -4.544866
v -51.760483 59.671227 -15.034337
v -56.359360 52.556156 -25.679279
v -64.639114 59.002945 -12.188054
v -68.685135 52.852631 -23.549610
v -73.152069 45.244709 -35.094868
v -80.711670 52.511078 -20.999836
v -84.135254 45.304089 -32.442524
v -87.557251 36.083607 -43.706364
v -93.790131 41.426327 -27.133030
v -101.111053 37.460991 -24.769228
v -101.706726 32.152241 -35.655582
v -106.538330 30.075178 -33.976841
v -104.983398 23.852581 -42.896805
v -102.310486 18.481731 -49.245697
v -109.845215 24.753414 -43.013809
v -107.891357 18.442059 -49.451324
v -106.733612 13.482494 -55.779129
v -111.741852 22.646038 -52.566833
v -112.076263 16.361233 -59.135681
v -113.046814 7.639796 -66.697723
v -113.890717 21.609964 -64.936119
v -114.627289 11.750437 -72.743187
v -114.071472 -0.206473 -80.787003
v -114.957184 18.505945 -81.520004
v -114.907654 5.992608 -89.884735
v -113.875214 -7.016471 -97.675652
v -114.311920 14.767311 -100.419609
v -113.919434 0.755088 -109.063858
v -111.435028 -14.089425 -117.007149
v -112.739227 8.991766 -120.347878
v -110.609100 -6.581217 -129.164001
v -109.539673 -18.271677 -126.951080
v -109.860657 5.232580 -130.379898
v -106.888367 -10.967296 -138.972015
v -101.810333 -17.024731 -147.510162
v -103.934235 -30.081173 -145.588928
v -97.345642 -4.926525 -146.496399
v -96.584564 -37.756680 -152.008728
v -89.795746 -12.634487 -150.841354
v -85.211456 -30.530102 -155.255524
v -75.194702 -44.296932 -155.304764
v -71.792252 -24.060970 -151.256485
v -64.082336 -37.123425 -153.156891
v -54.351044 -49.818233 -155.357071
v -51.280487 -32.945736 -149.431824
v -43.311111 -45.662685 -152.417084
v -35.767731 -59.108089 -155.560120
v -31.459747 -43.562618 -148.411377
v -24.517746 -57.190228 -152.226852
v -17.892136 -71.779068 -156.579956
v -12.530396 -55.609676 -151.105408
v -5.561523 -70.255814 -155.505829
v 1.076752 -85.659439 -159.646896
v 3.493408 -67.256210 -155.250183
v 11.126282 -80.717361 -162.647736
v 16.259384 -96.202774 -167.653641
v 16.231155 -77.069092 -162.305435
v 27.073898 -93.810120 -165.462509
v 30.428940 -111.388412 -168.380676
v 33.956329 -91.077942 -162.636993
v 37.943741 -110.763931 -163.981857
v 41.620529 -128.342545 -163.651657
v 41.759583 -109.531509 -159.517258
v 45.680740 -126.655960 -158.503677
v 48.807419 -141.424942 -156.549957
v 47.341919 -125.353104 -153.768814
v 50.447128 -139.181534 -151.988205
v 54.980362 -149.662979 -146.340256
v 48.694351 -138.253891 -147.974945
v 52.530014 -147.160629 -141.656952
v 58.063736 -155.916702 -133.365555
v 46.071350 -143.850021 -136.529236
v 51.595551 -150.545456 -127.130325
v 62.746040 -160.032181 -121.365585
v 52.519745 -155.963242 -117.133934
v 40.795929 -148.338882 -115.930855
v 23.945847 -143.730972 -110.162880
v 15.253586 -147.586197 -104.450752
v 4.863815 -149.149017 -100.588066
v -4.691269 -149.570068 -98.013199
v 0.178406 -158.487061 -96.024536
v -8.299469 -159.409515 -93.519897
v -4.320541 -168.174011 -89.084984
v -11.316910 -167.294617 -86.704117
v -8.732056 -176.618744 -82.142097
v -13.074799 -175.801147 -80.266090
v -10.509079 -185.190704 -74.692192
v -14.667236 -184.512390 -73.628342
v -12.351013 -194.382477 -65.456795
v -15.831818 -195.753571 -66.946709
v -12.375610 -206.149261 -62.014832
v -14.053574 -208.876526 -65.613068
v -11.360428 -217.461914 -58.129349
v -11.820709 -221.861481 -63.310165
v -10.946640 -230.037598 -53.101376
v -10.053864 -236.518036 -59.723095
v -8.790298 -244.314941 -47.715649
v -5.272385 -252.381195 -56.381573
v -1.140396 -259.242432 -46.084820
v 5.700989 -266.547821 -54.894711
v 9.184250 -273.829712 -44.948025
v 15.499756 -278.510162 -49.050179
v 19.430832 -284.561127 -37.618462
v 25.308456 -285.905090 -39.617760
v 33.132736 -290.522736 -28.314219
v 38.973022 -288.618896 -29.736383
v 45.536667 -290.482422 -16.426691
v 45.063324 -288.105072 -24.046259
v 51.535995 -289.101990 -11.633157
v 52.503952 -283.155060 -24.882685
v 59.511963 -277.866821 -23.039331
v 60.346062 -283.714996 -11.432337
v 62.694069 -281.334778 -9.592203
v 57.899834 -286.376038 -0.637170
v 61.296509 -283.126892 -3.585107
v 54.037888 -286.015503 3.039450
v 60.998497 -280.425018 -2.022745
v 53.795517 -283.411041 4.583914
v 47.249619 -281.951263 5.667563
v 46.811691 -285.554260 4.599631
v 46.260056 -288.873535 1.428351
v 53.836945 -288.725952 0.047049
v 49.570511 -290.199219 -1.617410
v 56.085381 -288.130066 -4.338922
v 46.158386 -291.315002 -9.442956
v 40.157654 -292.086212 -14.396096
v 40.452728 -292.107697 -7.256021
v 34.911316 -290.910400 -12.783578
v 28.038589 -288.333588 -25.676752
v 29.418076 -287.953461 -18.123789
v 23.124405 -284.161072 -22.158869
v 14.756378 -279.792358 -33.796257
v 10.234665 -273.895538 -27.258402
v 2.755829 -267.127472 -36.873348
v 0.854797 -260.292755 -28.089642
v -5.385956 -252.088501 -36.700634
v -5.681610 -246.328003 -29.750820
v -9.431961 -237.691864 -41.128170
v -8.926239 -232.748810 -36.836300
v -10.365891 -225.180389 -48.672516
v -8.107300 -221.585052 -45.742554
v -9.387970 -214.271851 -55.055466
v -5.887787 -212.418793 -53.987946
v -8.864227 -204.212738 -60.987900
v -4.212982 -203.513214 -62.267303
v -8.011765 -194.487244 -68.167015
v -1.267639 -194.583618 -70.769638
v -4.938629 -185.822327 -76.555740
v 5.102905 -187.407440 -82.128181
v 0.718002 -177.369110 -85.567497
v 9.317932 -177.626953 -91.709328
v 5.286423 -167.731140 -94.020462
v 16.707626 -176.129913 -93.000771
v 19.440460 -169.240997 -93.329803
v 21.704163 -180.349609 -89.584450
v 14.938004 -182.883881 -91.096085
v 18.885406 -193.258636 -84.311928
v 13.008057 -188.659546 -87.490150
v 11.160202 -193.657318 -82.859924
v 14.523193 -204.436066 -76.233780
v 8.883255 -197.609375 -77.257202
v 5.740189 -200.605591 -71.345879
v 7.962021 -210.507660 -63.906189
v 2.435181 -203.776886 -65.412315
v 0.487656 -207.996735 -59.937820
v 3.244629 -217.139526 -51.197968
v -0.933975 -212.031525 -54.606659
v -2.403244 -215.883636 -49.508194
v -0.644745 -223.670135 -39.172623
v -3.980225 -219.815918 -44.500351
v -5.548691 -224.058044 -39.298935
v -2.981430 -233.346069 -27.404707
v -6.583603 -229.304993 -34.070599
v -6.728836 -235.597595 -28.913603
v 0.174438 -246.202881 -19.637035
v -4.861359 -242.545135 -24.983181
v -1.839981 -249.274963 -22.903713
v 4.796432 -258.928589 -16.369076
v 0.871796 -255.955841 -21.819820
v 4.049911 -262.534485 -21.244350
v 13.124146 -270.352600 -15.080272
v 8.563828 -268.696045 -20.903193
v 14.098785 -274.489227 -19.785456
v 23.586761 -278.838654 -10.828974
v 19.791565 -278.991028 -17.434153
v 25.490936 -282.798645 -14.704996
v 32.028564 -283.426575 -1.643960
v 39.715408 -287.409851 2.082053
v 39.163528 -290.532196 -2.018075
v 42.599289 -290.035339 -0.121163
v 43.142166 -286.727783 3.622992
v 39.836716 -283.867676 4.300162
v 43.589371 -283.041748 5.371192
v 36.098495 -280.615692 3.817343
v 31.538681 -280.282715 0.408224
v 22.465652 -275.550568 -7.334238
v 22.894623 -271.976074 -5.558970
v 13.486359 -266.657532 -12.027064
v 15.483383 -262.524811 -11.458491
v 7.341110 -255.439056 -13.775311
v 13.018692 -257.480133 -12.845760
v 11.211990 -252.326904 -14.524014
v 4.080582 -243.850464 -19.172649
v 8.744415 -242.581421 -21.007244
v 2.128479 -233.058899 -28.535658
v 5.343872 -225.639893 -41.166550
v 13.445908 -228.244659 -43.992245
v 10.559021 -219.934357 -54.046402
v 18.901169 -221.525604 -55.647522
v 16.432938 -213.602722 -66.163963
v 24.021515 -211.382294 -65.346619
v 22.475449 -203.478363 -76.083450
v 27.987488 -201.248108 -74.898087
v 25.448334 -191.467712 -82.751350
v 31.459198 -193.510193 -85.750099
v 42.016098 -192.289703 -98.737320
v 39.050980 -182.047974 -96.641518
v 49.973816 -176.590210 -100.551079
v 62.585541 -161.812973 -107.743950
v 68.743034 -163.833664 -124.267365
v 62.409363 -158.356949 -138.603638
v 53.643219 -153.686539 -151.107407
v 44.722260 -144.701401 -161.944016
v 33.647446 -128.745956 -170.183640
v 19.112762 -112.409714 -171.516006
v 5.114258 -100.429977 -164.082886
v -12.474045 -86.976700 -159.317169
v -29.839233 -73.792755 -157.877609
v -46.413925 -62.943447 -158.475739
v -64.359940 -56.643185 -154.849838
v -83.985657 -52.899349 -151.382126
v -101.222382 -42.839443 -141.160416
v -105.753662 -35.987942 -133.326782
v -109.280334 -25.089106 -115.170929
v -111.077850 -20.883385 -106.029541
v -113.267975 -12.948401 -88.683685
v -112.430969 -3.834158 -74.460526
v -106.580261 6.515010 -64.392380
v -102.485779 11.595180 -59.329300
v -96.203522 21.752544 -50.275497
v -77.867462 35.253040 -46.201450
v -60.974899 44.369678 -36.368137
v -43.768677 51.733776 -27.471287
v -26.232483 59.634399 -20.576939
v -8.172363 68.864525 -16.852606
v 11.326004 75.752541 -14.418737
v 30.761978 78.932144 -11.025015
v 48.670364 78.063431 -5.878057
v 66.615616 84.353195 -0.481528
v 70.490524 95.552200 -12.837578
v 79.029289 101.232292 -12.548988
v 84.278397 109.694336 0.550620
v 80.496330 97.999130 5.164833
v 81.645874 110.780899 7.052375
v 83.817947 118.585342 6.367056
v 76.749771 130.337021 19.059500
v 73.940269 135.710464 34.352360
v 66.014999 139.499771 53.185734
v 55.688477 141.242508 73.423851
v 43.302780 141.936829 92.298729
v 29.951706 138.216095 109.836113
v 17.026108 132.481750 125.843498
v 7.828400 125.584099 144.872879
v 3.567352 107.225815 158.676804
v 2.422668 87.520943 161.698242
v 4.854294 69.753952 163.874329
v 6.911972 55.217091 169.702423
v 9.651367 45.055408 176.015625
v 11.102020 41.221069 178.853424
v -0.138504 46.781502 182.295471
v 3.584320 47.705196 176.263336
v -3.161407 49.793747 177.971375
v 1.618774 51.717632 172.033508
v -0.302185 62.317013 163.338654
v -7.275024 68.813675 154.089783
v -3.233536 79.232620 156.615509
v -9.698425 88.992508 148.334198
v -4.690369 99.787537 154.765198
v -10.692902 110.521156 144.695053
v -3.156937 120.854927 147.431503
v -7.579437 129.800964 132.512192
v 3.957993 134.072327 130.126877
v 0.904144 139.141617 114.045464
v 14.793304 135.757568 111.002647
v 13.274414 138.238144 95.888329
v 28.131607 139.088470 94.926079
v 26.049698 139.534927 79.899010
v 40.884750 141.884323 77.506828
v 38.089890 141.423294 62.626133
v 52.349075 141.043381 58.771702
v 48.571854 140.394485 43.734760
v 61.909851 138.412750 39.038548
v 59.056961 136.269455 23.415136
v 70.667046 133.045212 19.852530
v 72.419258 126.760361 4.288061
v 80.131653 123.904343 4.759039
v 82.297867 114.764259 -10.384408
v 84.859169 109.034630 -8.382897
v 72.966698 108.820259 -22.404472
v 74.626312 102.368736 -19.991539
v 70.001381 103.059616 -26.923088
v 68.941643 97.158401 -22.637367
v 63.040421 90.882286 -24.715080
v 60.643471 90.757324 -35.474892
v 52.080444 86.459091 -35.463585
v 58.305588 81.297211 -14.128668
v 47.477997 77.648346 -26.044592
v 39.026520 73.000999 -34.364048
v 40.056976 74.057091 -16.724646
v 31.696899 68.580574 -25.705938
v 24.100769 61.673061 -33.842793
v 23.193695 71.413452 -19.900045
v 15.595215 62.160633 -26.791996
v 8.041260 54.166775 -34.213642
v 4.587219 67.028221 -21.755743
v -2.160049 57.383892 -28.556828
v -7.737991 47.309101 -34.886921
v -14.002762 59.579010 -24.700092
v -19.191132 49.589664 -31.741123
v -23.559265 39.486309 -38.589054
v -31.279282 50.641140 -29.147892
v -35.588486 41.244564 -37.647968
v -39.418320 31.363262 -45.786945
v -48.208511 43.048290 -37.114475
v -52.175293 33.576801 -46.648808
v -56.437103 20.903439 -53.445007
v -65.187576 34.557545 -46.150837
v -70.058868 20.987926 -53.022720
v -74.113190 28.299953 -50.344456
v -60.010773 9.254832 -62.252945
v -75.729858 10.431712 -63.527954
v -77.951721 1.433298 -74.387703
v -95.473419 9.596232 -64.859764
v -94.940277 -0.967810 -74.554504
v -93.714355 -12.774160 -82.005920
v -105.796234 -3.957891 -72.804390
v -104.141022 -16.521048 -81.049278
v -101.881134 -27.535912 -90.740791
v -110.897430 -16.838919 -82.517059
v -108.201874 -28.756660 -92.267097
v -103.741699 -41.843971 -99.076263
v -110.491119 -26.026817 -97.721992
v -106.233887 -39.987892 -104.833641
v -97.217987 -53.305016 -108.131882
v -107.013733 -35.621483 -112.982773
v -98.970184 -50.306786 -116.661995
v -104.651703 -41.005363 -120.887253
v -85.758606 -59.964378 -117.737625
v -100.894714 -46.885128 -128.424255
v -88.122314 -59.230877 -128.760193
v -76.403534 -68.840431 -128.298431
v -88.551270 -57.830639 -141.120453
v -76.405670 -67.476433 -139.852570
v -68.781998 -79.031258 -139.753159
v -72.494141 -63.908627 -150.215652
v -64.994629 -75.501503 -150.773529
v -59.471924 -87.295143 -151.462891
v -56.531204 -68.697449 -157.094681
v -51.356216 -82.237411 -159.108307
v -47.837051 -97.561295 -158.716019
v -40.767563 -77.527725 -160.137039
v -36.990250 -92.821671 -160.057800
v -33.846222 -108.199081 -158.352402
v -25.482986 -88.850067 -158.803619
v -21.981323 -103.554947 -159.297256
v -17.673706 -117.446701 -158.699692
v -8.399963 -101.643600 -161.117477
v -4.414047 -116.597672 -162.123672
v 0.724808 -132.325272 -162.991104
v 7.647736 -115.566116 -168.006577
v 10.929810 -130.899826 -171.343658
v 14.507523 -148.015640 -173.238434
v 21.984085 -129.232620 -174.048660
v 25.077911 -147.251694 -174.575775
v 28.965317 -166.598679 -171.230972
v 36.444595 -146.649460 -170.125961
v 40.513794 -164.240097 -165.701187
v 45.669128 -178.682236 -157.274643
v 48.995270 -159.209824 -156.788651
v 50.407104 -191.414902 -148.867477
v 52.448227 -205.030838 -140.482193
v 61.600266 -201.344376 -132.884460
v 57.878090 -215.739609 -123.758888
v 65.618324 -200.848495 -125.280045
v 61.089859 -213.310379 -118.953651
v 59.614441 -222.400223 -108.066505
v 60.038170 -210.261398 -114.204636
v 58.418343 -218.704849 -104.620781
v 57.929131 -225.622467 -94.019577
v 53.114700 -215.290527 -100.968636
v 53.140808 -222.245636 -91.134529
v 49.376556 -223.645264 -84.100166
v 53.899719 -229.117249 -81.583450
v 43.274750 -217.504181 -85.559700
v 51.919540 -230.320282 -74.924118
v 39.437866 -217.883636 -76.664513
v 43.419418 -224.967529 -68.214523
v 37.351212 -219.624084 -58.658508
v 32.021744 -217.807953 -54.108658
v 26.513611 -218.520477 -54.199265
v 27.700195 -226.514191 -43.832581
v 28.706390 -234.638336 -33.424694
v 21.070419 -229.220764 -45.489407
v 22.374771 -236.972015 -34.710705
v 20.290848 -246.134949 -23.791836
v 15.882355 -236.285828 -34.011425
v 14.168777 -244.594513 -23.120235
v 15.132782 -249.112091 -19.012081
v 16.439026 -253.807068 -15.569820
v 21.123886 -262.824768 -9.728847
v 24.850952 -268.064209 -5.387950
v 28.412399 -272.763947 -1.840540
v 32.219254 -276.769165 1.393728
v 36.934708 -276.834015 4.523916
v 44.462021 -278.969391 5.361822
v 45.832504 -274.488922 4.086706
v 38.650909 -272.514740 3.686315
v 42.946182 -270.439819 2.490575
v 31.013123 -268.948486 -2.982356
v 42.739212 -261.812347 -4.157451
v 37.596207 -253.775085 -13.920452
v 34.456726 -244.278168 -22.953289
v 27.249176 -243.998322 -22.209164
v 35.456024 -235.268677 -34.148540
v 45.634659 -235.654236 -32.963619
v 53.959381 -234.074585 -36.847576
v 48.248978 -227.367828 -43.359238
v 57.688423 -227.857239 -49.115627
v 57.695198 -232.405640 -64.252228
v 57.559448 -232.767365 -77.765091
v 58.033226 -232.029572 -83.822830
v 59.159660 -229.563232 -96.777550
v 57.047653 -225.788773 -111.519295
v 52.572510 -218.992752 -129.071518
v 41.043823 -210.643997 -144.559753
v 38.360428 -197.614395 -154.695343
v 33.941696 -183.916702 -164.059113
v 18.645493 -167.106674 -172.033310
v 5.033722 -148.478317 -165.533188
v -11.596008 -131.992508 -158.197128
v -28.734009 -121.707474 -154.869095
v -44.463211 -113.608536 -156.394211
v -55.907501 -101.052834 -151.152649
v -63.161621 -90.940361 -139.937714
v -69.126099 -80.465797 -128.258438
v -75.261780 -69.992119 -117.921242
v -84.085266 -61.395119 -110.185692
v -94.463074 -53.788155 -102.623497
v -97.343811 -39.518837 -96.962746
v -91.034851 -23.712547 -90.016075
v -77.858673 -9.961752 -80.714783
v -61.195160 0.884760 -71.810028
v -46.134613 7.805645 -59.960999
v -43.664169 19.679134 -52.112961
v -27.132568 28.799526 -44.762592
v -12.201630 37.457500 -40.994999
v 2.375992 45.607349 -41.148090
v 17.939972 54.013462 -41.044971
v 32.650543 66.150101 -43.194645
v 44.712799 81.385468 -42.812340
v 56.293961 92.011108 -42.845894
v 63.010971 96.859772 -39.928108
v 65.771164 108.908340 -27.013161
v 66.841499 114.342361 -20.189692
v 73.508995 119.587349 -9.141549
v 58.769760 132.073669 7.465459
v 45.730469 138.859085 27.787085
v 35.024139 140.509766 47.382603
v 23.557190 139.137177 64.866905
v 11.431625 140.142731 81.010338
v -1.171188 141.727356 98.093224
v -10.946533 134.535950 116.528435
v -16.428131 119.121483 132.930649
v -16.465485 97.398331 140.137665
v -13.981461 75.825386 144.613129
v -19.431808 62.449810 146.964478
v -27.402557 55.836002 151.935638
v -27.700958 51.002811 164.597656
v -24.514236 48.197849 175.600800
v -20.618240 48.431122 187.100983
v -15.094513 48.390472 186.519043
v -7.135223 47.812019 186.358612
v -2.985977 45.899414 191.319397
v -2.031754 46.391724 201.448975
v -11.993942 46.123970 203.109192
v -11.319092 47.807449 213.960693
v -10.345886 51.463448 224.424744
v -18.133804 45.530315 228.447083
v -20.995590 39.549122 230.617493
v -15.227020 43.735752 242.746552
v -12.043274 50.280613 242.656036
v -7.947861 50.336674 245.253815
v -2.025772 42.940449 246.334625
v 6.563599 35.119930 238.934875
v 10.164185 44.221241 237.284058
v 9.100113 50.918568 231.471344
v 18.187225 47.656204 226.946808
v 16.030914 48.883194 218.452271
v 27.292572 54.094948 218.496582
v 36.471878 60.284744 221.948212
v 40.897293 61.003693 211.567230
v 46.044022 61.873268 201.617249
v 48.891327 62.844276 209.053528
v 46.469727 68.039246 192.055420
v 55.774338 73.534225 194.301483
v 51.340836 83.492897 185.208923
v 61.729584 87.540802 185.054535
v 56.962013 97.692276 176.188660
v 68.864006 99.340942 173.897308
v 63.804321 110.120224 165.240616
v 76.572525 110.565262 162.182205
v 72.622070 120.466599 152.525345
v 86.404678 119.487297 149.329575
v 83.848076 127.720261 137.999496
v 97.622200 127.094612 134.717239
v 95.876999 132.992432 121.736412
v 105.233849 131.170258 119.063469
v 102.244179 135.462173 103.906944
v 108.364113 133.457489 101.686668
v 104.776123 134.209412 84.097618
v 104.968033 127.664742 83.265526
v 98.714035 122.880058 68.503471
v 98.885605 112.007217 72.466087
v 95.708328 108.881233 56.276726
v 93.716187 102.035454 57.751900
v 86.017479 98.440201 42.636726
v 79.805191 97.288834 46.278450
v 69.295471 97.591446 49.639503
v 51.882660 96.567345 38.161171
v 33.544479 95.647079 28.972939
v 13.926483 92.316841 22.357002
v -5.981873 88.056183 16.570505
v -24.263947 78.569611 11.490122
v -42.684174 70.412750 5.674647
v -60.765991 63.914612 -1.202870
v -77.666107 57.933342 -9.248952
v -91.703522 47.623367 -16.276661
v -99.907593 41.101585 -13.757495
v -106.834045 34.714668 -23.589251
v -111.121307 31.123091 -34.251469
v -112.752808 29.227291 -45.379307
v -113.800903 29.124615 -57.137104
v -114.944275 29.736399 -73.263245
v -114.165100 27.724266 -91.479980
v -112.870392 23.726234 -111.093559
v -105.948700 16.381735 -129.938721
v -99.842102 26.013403 -127.771248
v -99.470673 11.291539 -137.375305
v -91.667511 4.964802 -142.575958
v -85.280731 13.362004 -138.151245
v -77.823303 5.635625 -140.748825
v -75.933624 -9.528820 -147.693649
v -61.854050 -8.739161 -140.962006
v -57.896393 -21.187405 -145.651031
v -43.804276 -19.798031 -140.237503
v -38.172638 -31.210567 -144.456757
v -25.013107 -30.653500 -140.826126
v -19.063034 -42.513836 -146.105927
v -7.057632 -41.164639 -145.362427
v -1.750900 -53.871853 -150.131805
v 3.500031 -52.531033 -150.174530
v 6.481812 -64.656174 -155.758469
v 9.239609 -63.266720 -155.954605
v 18.632889 -74.268066 -161.288239
v 20.013031 -71.979355 -159.556549
v 37.467621 -88.902603 -159.089737
v 38.754807 -87.462891 -154.827454
v 42.589096 -108.679581 -154.891815
v 45.430267 -125.216103 -149.491241
v 41.954391 -137.116287 -143.698730
v 30.861847 -133.615463 -134.239090
v 36.812408 -141.391556 -129.610306
v 30.140152 -141.683365 -119.486282
v 23.573669 -132.945236 -121.436150
v 17.028351 -134.254135 -111.555473
v 9.714722 -136.322220 -104.167984
v 0.044220 -137.545731 -101.910629
v -9.920090 -139.257141 -100.257713
v -17.327057 -140.886871 -99.051117
v -12.400940 -150.326660 -96.321327
v -17.231232 -151.051331 -95.718399
v -14.248108 -159.651031 -92.546944
v -17.451431 -159.992828 -92.637321
v -15.181320 -165.150330 -84.428398
v -18.288940 -166.700470 -85.762405
v -16.433243 -176.088318 -79.814026
v -18.339432 -177.740234 -82.437485
v -17.532654 -186.376556 -75.575577
v -18.154053 -189.429779 -79.616005
v -16.937927 -198.543060 -71.532700
v -16.803802 -202.535858 -78.290665
v -14.234406 -212.495789 -71.497604
v -13.159653 -218.359192 -79.872566
v -11.136093 -227.738068 -70.551041
v -7.560699 -235.351227 -79.282669
v -6.599182 -244.358398 -68.098015
v 1.451675 -250.648315 -75.210930
v 3.088486 -258.889771 -64.661362
v 11.931274 -265.082275 -70.963142
v 13.513687 -272.232971 -60.251781
v 19.189758 -275.752502 -62.736904
v 21.127747 -281.942200 -51.318352
v 28.057343 -280.625885 -51.891121
v 32.500626 -285.383118 -41.448860
v 39.320587 -285.463409 -36.327461
v 41.766708 -281.449585 -41.850746
v 48.692444 -279.945526 -36.140053
v 57.792419 -272.883972 -33.857891
v 64.037956 -267.315247 -30.358088
v 63.461807 -274.082001 -20.334970
v 64.304489 -276.021454 -13.764032
v 64.348518 -270.580109 -17.346064
v 63.783081 -272.886108 -11.427698
v 60.551895 -270.495148 -10.006831
v 58.759018 -277.927490 -1.459345
v 55.013016 -275.775787 -1.064539
v 49.867325 -272.706909 1.272573
v 48.461838 -277.849182 5.009741
v 49.310150 -263.126526 -5.302775
v 47.244980 -253.462036 -15.866802
v 44.760803 -245.806854 -24.510967
v 57.208473 -251.587982 -26.581951
v 57.536903 -241.684937 -33.201366
v 60.695160 -248.301727 -30.708187
v 62.112770 -237.403534 -37.295528
v 64.368698 -230.567047 -50.481045
v 61.499420 -234.198730 -66.195137
v 63.269814 -237.661377 -67.803040
v 59.788437 -236.055237 -79.431488
v 60.935333 -239.447693 -74.307869
v 59.202057 -235.731354 -85.892998
v 56.989525 -239.792389 -87.884392
v 56.697601 -233.374725 -99.518112
v 51.920654 -238.128128 -102.940781
v 52.163559 -229.774185 -115.553535
v 41.631668 -233.298111 -119.518143
v 41.690002 -223.033401 -132.332428
v 29.617401 -225.461777 -134.303040
v 29.025818 -213.753159 -145.794357
v 26.501404 -200.389542 -155.903458
v 22.804291 -185.408859 -165.425873
v 14.022217 -183.486343 -161.668808
v 9.705933 -165.998306 -166.054428
v 1.148682 -164.013565 -156.479294
v -5.150909 -147.946548 -157.755905
v -13.561493 -149.065262 -151.985092
v -21.640015 -134.766525 -153.657928
v -29.186951 -139.316269 -147.135620
v -38.466980 -128.900803 -151.587326
v -44.449554 -131.667313 -145.281143
v -51.669174 -116.467445 -149.455902
v -54.264786 -118.091103 -138.523697
v -59.193253 -104.068153 -139.765915
v -58.869431 -105.345589 -128.164902
v -63.227966 -92.501839 -128.420013
v -62.601578 -93.202721 -118.922318
v -68.483871 -81.386375 -118.768570
v -68.011169 -82.039635 -112.928047
v -74.695801 -71.129616 -111.183418
v -73.646515 -71.409569 -106.694160
v -82.237427 -61.466225 -105.513237
v -78.299774 -59.210732 -102.792793
v -89.243866 -50.508263 -99.751587
v -80.375397 -45.545586 -97.422874
v -86.651062 -34.934593 -94.924736
v -72.190491 -30.707909 -91.894409
v -75.782501 -20.140707 -87.475311
v -59.565262 -18.969168 -83.846367
v -61.106400 -9.328955 -77.906769
v -45.910172 -10.290289 -73.977562
v -45.651138 -0.537740 -68.669952
v -33.401489 -3.312139 -63.951424
v -34.779770 6.289394 -56.735916
v -31.806381 17.569271 -50.081177
v -21.475082 16.397488 -52.649643
v -16.519394 26.943279 -46.449085
v -6.508331 27.544155 -53.672291
v -2.234253 36.996861 -47.853672
v 9.212982 38.084377 -54.747883
v 13.176895 46.148151 -48.046116
v 22.029037 51.409824 -57.015064
v 26.517624 59.385693 -50.698872
v 32.729202 66.521873 -62.815983
v 39.306625 73.721161 -53.552143
v 43.210739 80.466805 -60.561607
v 48.211166 88.025490 -50.539635
v 48.798706 93.477303 -53.939217
v 56.136848 97.963203 -45.037102
v 49.762466 98.949280 -48.945778
v 59.269882 103.329674 -39.700844
v 59.572464 108.970840 -32.761360
v 51.413498 110.164291 -36.329933
v 49.164703 116.935959 -29.098307
v 54.722504 121.685043 -17.212488
v 58.553291 126.714478 -5.930262
v 42.939758 132.750702 -2.092112
v 44.127243 136.268936 11.832860
v 29.915100 136.758789 16.218573
v 32.203049 138.968063 31.724613
v 18.137375 137.501389 34.525913
v 20.862030 138.233734 49.749638
v 6.159302 140.857330 50.960117
v 9.049667 141.049698 65.951225
v -5.673141 142.800278 67.558830
v -3.234741 142.866211 82.609642
v -16.253220 138.194275 85.266472
v -13.618820 137.265594 100.702415
v -24.048065 127.249199 104.883232
v -20.854233 124.158806 119.102684
v -27.879501 109.089584 120.119530
v -23.061539 104.428780 131.025589
v -26.480026 87.142464 127.826897
v -20.487000 81.919563 136.393250
v -25.159149 66.867882 136.826050
v -33.155075 59.241528 141.096313
v -38.310150 57.491726 142.518646
v -32.490311 53.702084 153.726593
v -35.130081 49.599560 154.024841
v -30.175552 46.369411 164.722198
v -26.370743 43.177410 175.154388
v -23.628937 40.527313 185.768738
v -23.501038 45.532234 186.674011
v -22.268112 41.114586 197.915161
v -20.191452 44.326790 198.362518
v -15.533646 46.187080 198.001526
v -12.215714 47.640938 191.973358
v -15.431198 45.380661 209.309998
v -18.594589 44.018570 215.711945
v -20.470764 42.198997 209.743011
v -21.901215 39.647247 216.078613
v -21.710480 36.641357 223.217621
v -18.128922 37.287365 239.266327
v -10.118134 37.361835 242.704376
v -10.499832 31.835566 236.656647
v -1.008804 29.277971 236.532776
v 8.382690 27.930285 233.381927
v 19.604813 39.869457 231.463989
v 29.624542 39.412014 227.816742
v 27.639023 49.383942 226.277130
v 36.177277 53.689846 229.863708
v 40.649963 59.781963 228.796539
v 43.204376 63.324852 219.430145
v 52.342865 62.452549 231.234406
v 63.894478 61.677086 226.721558
v 73.675484 63.683197 220.715729
v 84.061523 67.579620 216.871307
v 79.520515 72.882767 205.372864
v 76.265793 80.253670 194.038239
v 91.278717 76.198204 203.190094
v 87.983948 82.735542 192.125580
v 84.758171 90.914192 181.717072
v 100.267761 84.291222 190.007751
v 97.217918 92.188217 179.643524
v 93.649452 100.817337 169.414642
v 109.414986 91.826492 177.092560
v 106.019974 100.572159 166.817444
v 102.647545 109.720604 156.947708
v 115.042107 99.914764 164.899567
v 112.490677 108.664429 154.391373
v 109.275330 117.389153 144.017929
v 118.064514 107.794380 153.025467
v 114.742172 116.038795 142.226791
v 113.505577 123.589668 130.672775
v 117.990051 113.475502 139.823563
v 116.941032 119.714882 128.851089
v 114.779381 125.871864 114.753075
v 115.286423 114.233292 126.062340
v 113.193146 120.868462 113.135216
v 108.502121 114.429359 111.084587
v 103.209816 105.210670 108.395012
v 99.982559 109.001915 98.155418
v 97.107811 103.018349 97.488243
v 99.508713 105.011940 86.743034
v 89.790184 101.018715 86.417503
v 88.108299 100.611565 73.904594
v 75.204636 99.695244 74.922905
v 73.430710 99.446144 61.739403
v 58.497787 99.296852 64.946831
v 55.469223 98.386475 52.145164
v 40.747482 98.644203 55.127861
v 37.300476 97.626556 41.975639
v 22.388214 95.830399 46.382133
v 18.340652 94.554626 34.169044
v 3.155716 93.469131 39.106133
v -1.304306 91.524818 27.600945
v -15.464630 86.662369 32.542290
v -19.737930 83.179382 21.745478
v -32.978210 77.136887 26.085962
v -37.837463 74.192162 15.820520
v -51.927719 70.457657 19.650843
v -56.676193 67.879539 9.376445
v -70.990387 64.470665 13.350947
v -74.574371 61.655754 2.241572
v -87.987549 56.747536 5.218593
v -89.933929 52.787277 -5.765079
v -98.961090 43.846909 -2.400699
v -105.617920 39.863045 -1.453586
v -106.453217 38.189308 -13.057666
v -112.000854 39.595551 -13.209369
v -112.090942 35.840240 -23.946306
v -113.914917 41.417454 -25.845005
v -113.411865 35.837322 -36.290867
v -113.957642 43.787228 -39.375736
v -113.941986 36.565685 -49.061054
v -114.019867 48.071575 -54.887745
v -114.943909 39.425655 -64.582878
v -113.913086 50.583233 -72.441422
v -114.036743 39.732498 -82.388733
v -112.084137 49.733391 -91.477509
v -112.515320 37.077568 -101.571915
v -104.944672 44.406563 -109.903969
v -105.718597 30.956442 -120.193161
v -92.731873 33.778763 -123.724335
v -85.359406 40.733360 -119.356148
v -85.761047 27.175879 -128.846039
v -78.567871 19.741140 -132.153229
v -72.053436 25.079733 -125.277451
v -65.320450 17.183035 -126.850677
v -64.206268 4.192083 -134.588211
v -50.497437 3.312963 -129.235703
v -47.807312 -8.416820 -135.349976
v -33.955826 -8.203318 -131.007599
v -30.050674 -19.340601 -135.887146
v -16.730438 -18.604639 -134.734207
v -11.998672 -29.689556 -140.200562
v -0.551758 -29.058880 -138.989899
v 1.863602 -40.227398 -144.723999
v 5.398331 -39.712032 -145.368134
v 6.446777 -51.670132 -150.493134
v 9.069519 -51.426434 -149.933380
v 11.534760 -62.694698 -155.034882
v 12.894455 -62.657833 -153.041290
v 20.258423 -70.787567 -157.033371
v 19.817627 -71.007812 -154.322922
v 37.100006 -87.597618 -150.655731
v 18.683380 -71.836571 -151.298080
v 24.540146 -87.666512 -137.035812
v 19.735382 -97.037483 -126.472862
v 18.547470 -105.015053 -124.505806
v 12.011505 -100.976357 -117.766518
v 8.318954 -113.210304 -111.289589
v 13.005035 -123.372200 -111.282570
v 4.769455 -124.528450 -104.286530
v -5.506851 -126.485298 -102.752831
v -16.003494 -128.474060 -100.957787
v -23.692230 -130.992798 -100.114532
v -21.537796 -142.204193 -98.707695
v -20.660904 -152.072205 -96.167290
v -20.070602 -161.153259 -93.991600
v -19.428101 -169.431396 -88.759468
v -18.951004 -180.353790 -86.467896
v -17.948334 -193.759705 -85.778648
v -15.207230 -209.236267 -88.134758
v -8.684326 -225.920197 -89.412186
v 0.082657 -241.594025 -86.265358
v 10.181061 -257.146210 -81.694626
v 18.220978 -268.880493 -73.928596
v 25.696548 -275.463654 -63.044247
v 38.610870 -277.555023 -52.359478
v 45.606842 -276.137177 -46.516903
v 50.115570 -270.510956 -50.673367
v 56.228088 -268.470123 -44.195309
v 63.676132 -260.989777 -40.614101
v 65.947136 -262.528992 -26.237621
v 64.668320 -264.952881 -20.279446
v 65.000465 -258.761963 -22.976009
v 62.044601 -262.091370 -17.983471
v 55.951187 -267.435394 -8.515910
v 57.013435 -258.818085 -16.835049
v 63.255272 -253.415497 -27.064617
v 65.286736 -250.600983 -32.496746
v 66.116364 -240.719574 -40.353405
v 66.308578 -235.253571 -51.731503
v 61.619522 -242.322327 -68.523041
v 58.980415 -244.447784 -75.693642
v 52.497559 -244.686157 -90.515320
v 41.535736 -242.054703 -106.808510
v 29.877060 -235.546555 -121.987038
v 20.492599 -225.640793 -134.642288
v 18.841934 -213.382523 -145.205475
v 16.918900 -199.531754 -154.206985
v 5.421814 -180.241837 -153.804459
v -8.000656 -164.481766 -150.323181
v -21.133789 -152.551163 -145.802078
v -34.506210 -142.984970 -140.279984
v -46.845428 -131.537399 -135.192642
v -53.525284 -118.293648 -126.631378
v -57.960068 -105.577766 -118.252113
v -62.142899 -93.427971 -112.411423
v -66.926376 -82.161980 -108.186356
v -70.551041 -70.076607 -103.705467
v -72.031586 -55.906090 -100.771858
v -67.102386 -41.093086 -95.392296
v -56.552551 -28.429726 -89.254013
v -44.753830 -19.949850 -79.471825
v -34.081268 -12.604620 -69.763092
v -23.130417 -2.668538 -65.140686
v -24.191895 7.291667 -59.033463
v -9.957489 18.003719 -59.430206
v 5.521805 29.023342 -60.009632
v 19.100494 42.394192 -62.915699
v 25.401947 58.960224 -68.998711
v 35.747070 71.717644 -72.069237
v 44.491577 85.322517 -64.487061
v 44.676727 98.778023 -54.149086
v 44.279770 104.756760 -47.600502
v 43.042191 111.371567 -40.925163
v 36.149109 123.437286 -26.857828
v 40.302734 128.674011 -14.416651
v 27.781662 133.708694 1.958990
v 15.595657 135.852676 19.446936
v 3.301163 139.864105 36.000202
v -8.591064 141.908783 52.562931
v -18.886337 137.648148 70.385338
v -26.759384 128.837173 90.448570
v -31.647842 112.740623 108.172539
v -30.914642 91.254395 117.882896
v -30.256866 71.491875 126.764580
v -37.504318 62.861736 129.418884
v -42.426346 59.963146 130.343292
v -40.664764 53.450871 142.572784
v -37.818527 49.000919 147.828003
v -32.375626 45.346645 158.810791
v -27.528198 42.037350 169.123901
v -23.355392 38.059498 173.025757
v -19.654556 35.080650 183.728394
v -21.088974 36.636612 196.766541
v -21.639297 37.991692 209.441895
v -19.217606 32.939323 208.816895
v -17.560104 31.379229 223.397675
v -9.013367 25.297564 220.277924
v -0.737991 23.824251 228.841309
v 8.955383 15.960786 219.612000
v 15.941055 7.536194 209.114899
v 26.053467 11.290208 210.173737
v 30.267242 4.877761 196.697998
v 20.564026 0.299072 195.862854
v 13.874084 1.875121 194.343506
v 17.599670 0.001967 177.873962
v 19.691010 5.444638 161.348938
v 10.945724 10.017255 165.213287
v 9.789566 16.709789 152.344177
v 3.543839 18.613752 173.386505
v 1.223160 24.279919 161.851105
v -2.310150 29.875301 152.136169
v -8.991928 29.788054 170.686859
v -13.804016 34.074474 160.934265
v -20.131012 37.192410 151.877869
v -22.756058 37.550114 166.296844
v -28.367920 40.727131 156.263184
v -26.946686 40.038563 142.386566
v -34.707611 44.014538 145.719666
v -40.205383 46.894344 134.269714
v -42.869873 52.243641 135.919678
v -44.758057 55.817379 130.369812
v -46.704590 54.800529 124.296715
v -48.489975 58.946480 119.414116
v -46.206573 62.930847 119.119743
v -51.070419 67.103859 108.506065
v -41.571106 66.314331 117.369713
v -47.050720 70.585960 105.629997
v -53.393997 75.177818 94.756279
v -38.107346 79.561607 104.646935
v -43.824020 84.235680 93.526787
v -49.566696 88.150757 82.773064
v -40.149536 99.539757 96.598747
v -44.837723 103.316078 85.330315
v -49.449066 106.449432 73.791954
v -40.067703 118.924858 83.171410
v -44.206512 120.844521 69.715874
v -48.814636 121.775963 56.497307
v -33.672287 130.188721 61.934742
v -36.931091 129.697372 47.925373
v -40.429443 128.812027 34.356312
v -24.127762 134.484314 40.985172
v -27.158829 131.825806 26.682318
v -30.973785 128.568054 13.217352
v -14.083023 137.135223 22.359732
v -17.075119 133.107117 8.351460
v -20.667923 128.132523 -4.509211
v -1.894363 135.845993 6.193044
v -4.981735 131.815170 -7.626765
v -8.525238 126.214294 -20.149134
v 10.381134 130.075089 -8.825144
v 7.179611 125.194870 -21.813288
v 3.562042 118.556618 -33.933510
v 21.936722 124.556473 -24.131937
v 18.024429 117.461708 -36.719444
v 13.951492 108.349876 -48.312813
v 31.323563 116.065979 -39.349129
v 26.899017 106.506363 -51.853600
v 30.981018 99.956032 -59.365868
v 23.230499 96.282059 -63.244072
v 37.581879 103.286484 -53.541847
v 26.806351 89.593750 -69.942352
v 39.436813 96.555275 -59.994987
v 35.265015 86.471321 -72.056664
v 27.749863 83.464104 -75.848724
v 40.627472 89.704430 -65.982399
v 33.739838 79.894661 -78.006943
v 22.288895 71.405495 -84.797203
v 36.388428 75.209625 -76.982315
v 24.512924 67.658554 -82.483971
v 18.784302 57.139778 -87.957092
v 25.176102 64.189926 -77.670609
v 19.820572 53.941826 -83.322296
v 15.171356 44.144463 -87.824623
v 21.621552 48.920567 -74.304237
v 17.507980 38.457275 -78.702560
v 13.446106 29.571207 -83.602142
v 15.189056 32.427250 -68.378082
v 10.633499 23.631723 -73.516655
v 10.123749 14.323786 -78.514351
v 2.334564 19.569849 -65.225288
v 0.504364 10.700281 -71.158363
v -0.353653 1.970743 -77.274651
v -11.976532 9.159007 -65.076981
v -11.930817 -0.248891 -70.768692
v -12.178757 -9.245886 -77.188744
v -23.589676 -11.732656 -71.959114
v -23.185120 -20.646017 -77.412880
v -33.483398 -21.930731 -75.291977
v -31.224304 -31.285040 -80.524239
v -41.982056 -29.410376 -84.673447
v -39.082092 -39.180672 -89.211700
v -52.782578 -38.510338 -93.571869
v -48.570999 -49.466423 -97.292007
v -61.061203 -52.019020 -99.212265
v -55.646057 -63.816261 -102.198021
v -64.789948 -67.380043 -102.787842
v -58.695816 -78.795082 -104.865128
v -63.820343 -80.988716 -105.486092
v -57.898315 -91.884895 -105.384163
v -60.951355 -93.069313 -107.760780
v -56.252335 -104.987770 -106.769142
v -57.397018 -105.469063 -111.348633
v -52.289642 -117.673988 -110.079391
v -52.643311 -118.035896 -116.417595
v -45.824051 -130.070450 -113.859329
v -46.563446 -130.794662 -123.575920
v -36.712173 -140.479904 -120.408058
v -36.623199 -142.246353 -131.000839
v -27.677536 -151.164017 -127.222198
v -25.645477 -153.014236 -136.922501
v -21.010071 -165.170059 -132.927933
v -14.707291 -165.428909 -142.189499
v -10.572266 -178.176071 -137.570267
v -3.089279 -178.501205 -145.563614
v 0.658081 -191.566788 -139.322525
v 8.674622 -195.654282 -148.098602
v 2.640686 -204.485825 -132.059036
v 10.824951 -209.480911 -140.099121
v 3.882065 -216.315567 -123.363548
v 12.211594 -221.930923 -130.687378
v 13.544250 -233.199631 -119.879784
v 21.438919 -236.621658 -122.795486
v 21.742752 -245.824356 -110.310669
v 30.326828 -244.945450 -109.692589
v 30.668396 -253.438568 -97.348503
v 42.134766 -249.629700 -94.296196
v 43.563553 -256.213867 -82.181557
v 54.048447 -250.158539 -78.202553
v 56.476303 -254.164062 -66.541557
v 62.451401 -245.629089 -62.951626
v 66.146179 -242.196625 -54.945827
v 65.241058 -248.274384 -52.467190
v 62.812225 -255.109619 -50.227245
v 66.364952 -246.781769 -45.129162
v 66.319328 -254.750000 -36.210735
v 58.589188 -257.642883 -56.806438
v 45.493805 -261.578094 -70.790115
v 31.675919 -261.105713 -85.353958
v 22.315170 -254.640076 -98.176346
v 14.700165 -243.164047 -108.052795
v 5.024338 -227.439041 -113.863724
v -4.739288 -212.086472 -115.903938
v -6.145950 -201.389572 -124.136940
v -7.873734 -190.225876 -131.413025
v -17.448853 -176.666031 -127.553947
v -23.409760 -161.850357 -122.480804
v -27.816422 -148.736252 -117.736961
v -35.464630 -138.706467 -111.394737
v -45.332748 -129.834335 -107.344826
v -51.181229 -116.978493 -105.558235
v -53.305054 -103.808113 -104.238342
v -53.135422 -90.234398 -105.080269
v -50.794830 -75.845589 -104.442314
v -44.347412 -61.324135 -100.231163
v -35.977905 -49.788002 -93.236519
v -28.942093 -40.997185 -85.631088
v -21.952011 -29.832067 -82.915855
v -11.961212 -18.118734 -82.989365
v -0.614243 -6.745810 -83.648155
v 8.561707 5.897775 -85.076767
v 12.499405 20.771339 -88.823303
v 11.478821 34.765450 -91.731491
v 14.053528 46.973206 -92.556274
v 16.890762 60.134010 -91.047195
v 18.137909 73.887917 -83.486694
v 17.987061 86.979774 -72.383148
v 14.336243 92.969513 -65.161697
v 9.724960 99.079964 -58.277809
v -0.393417 110.039803 -44.516151
v -12.124817 118.997314 -31.188135
v -24.670761 122.325233 -15.957560
v -35.928787 125.289467 0.669775
v -44.615585 127.145615 21.053869
v -53.001160 122.535812 43.807930
v -55.281693 108.838097 62.192162
v -55.200836 91.530609 72.623039
v -61.260422 77.881477 86.193321
v -58.990585 70.982292 100.166893
v -53.340012 63.323669 109.914055
v -48.002029 54.299202 118.268883
v -44.617889 49.723831 122.648712
v -33.530319 42.230762 131.776733
v -15.580948 38.218945 135.484497
v -8.142654 34.473835 143.744720
v 7.699463 23.811901 141.079010
v 19.420273 12.048382 146.832733
v 27.800217 12.900844 143.420013
v 34.177689 16.947445 140.719330
v 38.204132 9.346767 155.253479
v 42.192505 18.630367 153.070862
v 52.970306 13.064329 180.795258
v 47.958801 10.201324 189.937103
v 43.136795 11.507141 200.523682
v 37.998535 17.964066 211.408020
v 50.981537 24.250031 214.302094
v 44.721909 31.759531 224.064514
v 39.142624 42.898357 231.076965
v 41.811325 50.828022 233.705383
v 48.440125 46.810207 234.382385
v 52.862976 53.939152 235.773041
v 64.959351 54.228550 232.328796
v 75.510101 55.154495 226.736206
v 85.812172 58.095886 223.487915
v 95.268311 69.965416 214.377594
v 103.037323 77.376076 201.098633
v 112.150398 83.960258 187.577972
v 117.221024 91.524658 175.882019
v 119.987175 99.295105 163.960907
v 121.257454 104.923889 150.789078
v 117.365585 108.616585 136.655869
v 111.661491 107.542229 121.916557
v 108.279121 100.475655 118.435936
v 103.520844 95.282631 118.360374
v 99.216995 99.874992 108.323875
v 91.662025 96.757957 110.234093
v 89.529190 99.773994 98.342796
v 77.874084 97.968254 100.738182
v 76.423042 99.609627 87.915703
v 62.570602 99.479797 90.765556
v 60.689835 99.613289 77.621086
v 46.382980 99.250656 80.694847
v 43.721008 99.497139 67.911736
v 29.514496 96.279655 71.118462
v 26.096359 96.428795 58.744148
v 11.562027 93.377884 62.635017
v 7.440750 93.869812 50.857109
v -6.917557 89.335693 55.095360
v -11.199234 88.749214 43.736763
v -23.947830 80.738861 47.418358
v -28.373672 79.431847 36.631981
v -41.190735 72.050896 39.820614
v -46.628189 71.632179 29.740320
v -61.327164 67.134834 33.604259
v -66.702133 66.345001 23.719065
v -81.688995 60.618374 27.991573
v -85.409637 59.243530 16.754650
v -94.047211 50.658775 19.864483
v -97.005646 46.794952 8.899105
v -103.505249 42.742111 11.130780
v -111.434113 41.196503 -1.353931
v -113.913330 45.662743 -14.643330
v -113.956421 50.016834 -28.365696
v -113.924347 55.692196 -43.599201
v -113.044495 60.154972 -60.860950
v -111.169128 61.311111 -79.928131
v -104.393311 57.065414 -99.057838
v -91.993713 47.022972 -113.439117
v -77.967499 45.973541 -113.351479
v -71.718414 37.930771 -116.218315
v -65.400925 30.019323 -118.494530
v -51.888214 15.420813 -122.157509
v -36.840561 2.833532 -125.150406
v -20.490692 -7.846323 -128.941925
v -4.931091 -18.019922 -134.281693
v 3.950089 -28.283428 -139.093842
v 8.405045 -39.624844 -145.297836
v 10.852676 -51.944118 -147.996796
v 13.213303 -63.117504 -150.376221
v 12.937393 -64.347313 -146.304977
v 14.401657 -66.809807 -138.279739
v 13.476608 -70.890800 -127.163628
v 18.312378 -80.200554 -131.126190
v 13.920670 -86.077690 -121.553818
v 6.500595 -89.432487 -114.426437
v -1.770462 -91.435631 -107.894875
v 3.365555 -102.581764 -109.957970
v -5.615662 -103.784920 -103.914841
v -0.768906 -114.171333 -104.534966
v -11.508026 -115.756172 -103.019234
v -22.186188 -117.984077 -101.626923
v -31.555969 -121.263344 -100.534622
v -37.268768 -124.431038 -100.507019
v -28.317947 -133.421967 -100.134506
v -31.746750 -135.656769 -100.885910
v -24.697830 -143.639465 -99.221313
v -26.617874 -144.949478 -101.067848
v -22.995193 -153.327057 -98.033714
v -23.854156 -154.615524 -101.357635
v -21.412445 -162.948730 -96.668251
v -21.514862 -165.092102 -100.790352
v -19.868759 -172.427490 -92.714691
v -19.437820 -176.668671 -100.114372
v -18.421692 -185.002563 -93.659233
v -17.166061 -191.147293 -103.336807
v -16.360275 -200.285583 -95.862968
v -11.294586 -206.891190 -106.653801
v -9.971512 -216.512329 -98.494972
v -3.625763 -222.654800 -107.103867
v -1.467743 -232.055298 -96.891747
v 6.527252 -238.075912 -103.504211
v 8.314133 -248.208649 -92.736229
v 15.989716 -252.373291 -96.332947
v 17.085480 -260.975952 -84.947266
v 23.236755 -262.417908 -86.194954
v 24.318192 -269.614197 -74.660301
v 33.375809 -267.741333 -73.885735
v 35.684464 -273.031036 -62.855190
v 47.790863 -266.274658 -60.517361
v 54.622147 -264.336334 -54.103191
v -12.623032 -197.003128 -114.247818
v -14.592987 -187.027328 -121.261971
v -18.446808 -182.033890 -110.329803
v -20.507782 -172.313187 -116.868492
v -21.327087 -168.027664 -106.867943
v -23.804276 -158.544205 -112.998672
v -23.873260 -156.204788 -106.133598
v -27.533310 -146.864120 -109.317909
v -27.422012 -145.883347 -103.943405
v -34.824051 -138.365677 -106.362862
v -33.815659 -137.435043 -102.941605
v -44.086456 -129.141830 -103.410057
v -41.349228 -127.162025 -101.236214
v -48.248672 -115.633980 -103.079056
v -43.629242 -113.654610 -102.377022
v -48.716721 -102.057350 -103.882668
v -41.815079 -99.670723 -104.028351
v -46.373428 -88.016243 -105.083672
v -36.676559 -85.319557 -104.176613
v -40.413651 -73.375420 -102.431923
v -29.415771 -72.687157 -98.548409
v -32.752655 -61.130287 -96.204597
v -23.253937 -60.963631 -94.053383
v -26.616272 -50.603233 -90.584534
v -18.032990 -48.568550 -94.149002
v -20.089493 -39.242867 -88.552742
v -9.793015 -36.370354 -94.274498
v -11.285416 -27.060478 -88.785866
v -0.492294 -24.114021 -95.489067
v -0.661209 -15.299247 -89.686378
v 8.418579 -11.605675 -98.231155
v 8.873749 -2.942405 -91.560547
v 11.502594 3.188286 -100.782410
v 11.009933 12.161233 -94.408348
v 9.188751 16.806557 -101.638916
v 9.995224 25.643974 -96.524292
v 8.733582 28.235802 -101.160400
v 10.375076 37.431313 -96.530922
v 8.481155 39.438843 -99.864716
v 12.212112 49.415527 -96.162437
v 8.119400 51.425934 -96.479698
v 12.645752 62.453728 -90.676605
v 7.264435 64.261543 -88.213562
v 11.787766 75.812584 -80.166367
v 8.976913 82.958344 -73.681549
v 0.421204 78.225395 -74.920822
v -4.021774 84.933929 -68.846313
v 0.411774 94.979042 -60.164131
v -9.015518 91.529221 -63.434898
v -4.694260 100.723198 -53.888191
v -19.678986 101.367203 -50.202705
v -15.857605 110.596085 -41.011665
v -32.129410 109.368759 -36.600517
v -28.568771 116.071411 -26.356363
v -45.952805 116.859680 -22.392633
v -41.424881 121.382927 -11.050943
v -56.708542 122.875702 -4.789224
v -50.137421 125.107422 8.102499
v -62.366180 123.288177 16.917761
v -56.909119 122.983551 30.636190
v -65.086548 111.754379 37.176186
v -60.666687 110.102371 49.861153
v -66.768402 96.202744 52.323799
v -61.250351 94.116570 63.024849
v -73.078522 82.936890 65.697624
v -67.470215 80.203506 76.733574
v -77.651001 74.586594 79.830864
v -69.440521 73.223076 91.851067
v -72.877258 69.039642 95.064964
v -61.347778 67.027275 103.164940
v -61.135147 62.218300 101.965508
v -53.218597 58.675865 108.861931
v -49.158234 54.030975 112.216820
v -50.410217 53.676300 105.888878
v -44.516342 48.609177 108.972534
v -38.184509 44.727150 120.118408
v -30.388809 41.636078 116.798431
v -22.920364 40.665890 126.960785
v -15.493378 40.627945 119.150970
v -6.850220 37.899059 126.738220
v 1.997101 31.779421 133.172272
v 6.345688 30.446573 124.595184
v 15.267883 20.203852 133.834656
v 20.865509 20.649607 129.953857
v 25.732727 26.066843 129.541504
v 37.800919 25.885433 142.480469
v 48.170349 32.641003 155.819214
v 61.487938 35.036167 169.291016
v 64.698769 27.657988 179.129852
v 64.808678 20.933897 188.959961
v 61.060020 17.656769 197.131989
v 56.561089 19.233841 205.052032
v 55.337845 36.019245 227.763031
v 71.021126 26.597382 213.405914
v 88.002762 36.585632 218.373688
v 86.435608 40.296082 222.000244
v 99.055267 48.750809 221.744080
v 97.637985 53.458145 223.129364
v 110.141098 58.546112 221.122803
v 108.692085 63.438843 218.558167
v 118.701706 65.221680 214.146210
v 115.952736 69.866135 209.049438
v 125.196030 68.688187 208.380615
v 124.917381 75.912865 197.843750
v 127.966034 66.492523 207.487274
v 127.350647 73.552544 195.961853
v 126.751785 80.406189 184.790680
v 127.823471 69.012703 193.398651
v 127.583786 75.178818 181.714722
v 126.701004 82.795044 169.968750
v 127.718521 67.378311 177.984100
v 126.958443 75.202309 165.367737
v 123.841400 84.772102 153.762421
v 124.116951 68.216469 161.494171
v 120.934273 78.508888 150.257294
v 118.461502 88.048187 139.129425
v 114.609428 74.586899 149.621613
v 112.204765 83.710785 139.761414
v 108.557961 88.448769 129.438324
v 102.682281 80.596214 142.453247
v 99.484497 86.471420 132.881927
v 95.266045 92.475197 121.523705
v 87.560768 83.181305 135.705017
v 83.809196 89.413574 124.935844
v 80.404343 94.529816 113.270622
v 71.253998 87.071686 128.363922
v 67.696487 93.410927 116.918419
v 64.770760 97.447609 104.078423
v 54.670837 91.254265 120.322136
v 51.485306 96.076454 107.384605
v 48.874084 98.319389 93.858452
v 39.008698 90.201920 109.155235
v 35.861267 93.643288 96.321892
v 32.758209 95.397820 83.561028
v 23.592331 87.044945 97.756737
v 19.607193 90.027832 86.014214
v 15.579102 92.098068 74.351036
v 6.520386 84.187065 88.268333
v 1.729370 87.160461 77.517174
v -2.687057 88.809502 66.411552
v -10.456604 78.200722 79.542870
v -15.060135 79.774933 68.984703
v -19.492477 80.635551 58.220116
v -26.842697 70.607819 71.301170
v -31.495560 71.710991 60.685879
v -36.193832 72.149918 50.140423
v -43.289185 64.441452 62.863110
v -49.009781 65.599228 52.767757
v -55.226105 66.880470 43.250668
v -61.582565 61.792744 57.356625
v -68.545914 61.929836 47.831295
v -75.411163 61.290531 38.015942
v -78.154083 57.191334 52.713833
v -84.732452 55.816792 42.182369
v -90.834229 54.918682 31.102901
v -90.218567 52.316486 45.278240
v -96.061096 51.957790 33.618786
v -99.821014 47.220291 23.132137
v -100.759125 52.551159 35.079845
v -105.170502 48.115814 24.421566
v -109.280121 43.810547 11.947797
v -106.569672 53.882843 22.581951
v -110.886536 50.138817 10.500332
v -112.994904 47.885864 -2.459873
v -108.627899 58.905594 8.507792
v -112.051849 57.034874 -3.414174
v -113.877716 54.563232 -16.299885
v -106.498230 70.304131 -6.405614
v -110.682068 67.463623 -18.634649
v -113.154297 62.529034 -31.360157
v -103.353394 80.421715 -23.338827
v -107.914124 75.402672 -35.751392
v -110.955750 68.366997 -48.372868
v -101.598389 86.876205 -42.293343
v -105.722168 79.805206 -54.667015
v -109.008240 71.430885 -67.373154
v -97.480774 88.320511 -63.467918
v -101.034485 79.376137 -75.253563
v -103.280121 68.856697 -87.298355
v -87.513031 81.734756 -82.226578
v -89.719666 70.928925 -92.544167
v -91.173492 59.446793 -103.087303
v -75.055176 69.250977 -93.181732
v -76.828796 58.049149 -103.322021
v -70.648102 50.253822 -106.712685
v -63.096603 54.321938 -100.158745
v -57.332779 46.700806 -102.887032
v -58.552200 34.719841 -111.847038
v -51.344986 39.563118 -105.936821
v -52.081039 27.619665 -114.442116
v -38.990891 25.665779 -111.251419
v -38.495102 14.145698 -118.589813
v -25.571259 13.013495 -116.162590
v -23.545685 2.432974 -122.626373
v -11.283310 2.875677 -122.632469
v -8.616974 -7.217829 -128.598602
v -1.202087 -7.023432 -128.228851
v 0.748123 -17.712534 -133.730621
v 4.464935 -17.464075 -133.491211
v 7.133224 -27.567089 -139.473831
v 9.569229 -28.094400 -138.003830
v 10.471176 -40.322124 -143.486313
v 11.314407 -41.502529 -140.526276
v 11.619583 -52.991787 -145.109253
v 12.198090 -54.333660 -141.407684
v 13.325958 -56.610409 -134.644135
v 12.207733 -60.226097 -123.665802
v 8.219055 -74.837318 -118.250427
v 1.292938 -77.699348 -111.069420
v -6.621292 -80.000404 -104.928596
v -10.205521 -93.094780 -102.590927
v -16.604050 -105.205818 -103.091148
v -27.602859 -107.698921 -102.333687
v -37.059494 -110.919807 -102.336075
v -32.338882 -96.858467 -103.717400
v -25.514160 -83.793129 -101.600967
v -19.534821 -71.704979 -97.640327
v -14.670044 -58.689644 -97.795372
v -7.615112 -45.989876 -99.312378
v 0.760849 -33.530830 -100.842308
v 7.637619 -20.290916 -104.175308
v 11.062241 -5.717751 -108.058937
v 10.188889 8.139731 -107.719154
v 8.072662 19.315346 -106.085876
v 6.691116 30.129906 -104.240555
v 4.535706 40.998146 -100.609215
v 3.029083 52.931076 -93.783501
v -3.842133 67.071022 -82.990135
v -8.346573 74.290825 -77.582329
v -18.149582 86.397636 -65.572609
v -23.525803 91.544258 -59.193855
v -35.420319 101.861763 -47.240425
v -48.701279 111.238052 -34.351326
v -61.594254 119.195595 -18.052347
v -69.673767 121.568481 3.514533
v -70.504364 113.671951 24.293633
v -71.434586 98.856750 39.985863
v -78.704193 86.279526 53.682610
v -83.186798 75.861237 66.318047
v -81.818756 69.392242 81.382469
v -72.482819 63.829887 94.715843
v -58.555389 57.775772 98.134789
v -52.008392 53.355675 99.287895
v -39.357010 45.780243 105.512054
v -24.937546 42.296890 111.581726
v -10.904877 43.972427 114.192139
v -2.753860 38.939850 120.749573
v 10.735626 33.141724 121.050934
v 16.696365 37.463753 121.813690
v 25.874573 44.602264 124.947266
v 32.075897 34.534283 132.450714
v 39.872330 47.030437 137.409912
v 44.276382 39.440258 146.463776
v 52.219864 51.067158 151.467651
v 56.885712 42.871983 160.314209
v 67.643623 50.379604 162.238037
v 72.012024 42.823826 172.197906
v 75.079010 36.354782 184.529388
v 75.439873 30.456848 198.512085
v 74.913986 25.550949 207.360565
v 87.808205 36.647331 212.099609
v 98.588081 44.494270 212.209564
v 99.613800 45.755028 218.145081
v 110.324814 50.646255 216.516327
v 110.589279 54.180931 220.095276
v 122.217964 57.276192 215.212036
v 121.353104 61.371101 216.074066
v 128.812469 62.886803 205.670837
v 128.305328 62.001633 190.738770
v 125.281448 60.115078 175.437653
v 118.128830 64.525421 160.752502
v 105.731613 72.337624 152.525970
v 90.969978 76.511658 145.561157
v 75.095581 79.613266 138.456757
v 58.468521 83.889954 131.457092
v 42.480560 84.505737 121.300346
v 27.550003 82.336060 109.493462
v 11.788544 79.866745 98.555351
v -5.469345 75.781212 89.704247
v -22.022568 68.796753 81.618889
v -38.022934 62.662174 73.413658
v -54.592743 59.884342 66.322472
v -70.847153 56.745647 62.631207
v -83.977905 55.357372 56.242825
v -94.920135 53.356365 47.076458
v -102.063934 57.410763 34.135036
v -104.469055 61.438866 19.695431
v -101.956512 72.503815 4.769236
v -98.345612 84.051071 -11.329017
v -97.136414 92.854149 -29.765221
v -93.782410 96.277916 -51.041389
v -84.904236 91.913666 -70.774483
v -72.905762 79.999275 -82.609741
v -61.126602 65.558395 -90.392662
v -55.435455 58.254845 -93.595184
v -44.049713 44.056190 -100.007454
v -38.267441 37.219322 -103.183884
v -26.305237 23.969551 -109.205780
v -13.185898 13.080344 -116.788673
v -1.855270 3.213232 -122.417091
v 2.927811 -7.009729 -127.998238
v 7.205627 -17.738276 -132.262726
v 10.714874 -29.616526 -135.202118
v 11.502106 -43.112942 -136.619064
v 12.353668 -45.484585 -130.708282
v 11.082779 -49.496651 -119.901558
v 4.054993 -53.001442 -110.658562
v 5.880112 -63.523384 -114.552650
v -2.382019 -66.405891 -107.541054
v -10.928009 -69.115120 -101.381920
v -15.029495 -82.272957 -100.946518
v -21.137634 -94.527718 -103.058762
v -5.018890 -56.008171 -103.456787
v 2.569443 -43.175011 -105.941116
v 10.180191 -39.177422 -115.074722
v 8.337524 -29.441734 -109.589981
v 9.792847 -24.654108 -119.753235
v 10.000870 -15.063195 -114.182892
v 9.373383 -11.361231 -120.277458
v 10.130295 -1.331811 -114.259888
v 8.909271 1.367316 -118.284058
v 8.313034 10.375144 -111.487411
v 6.072296 12.096152 -114.307121
v 5.979523 20.986931 -109.262794
v 2.036285 21.983727 -110.576111
v 2.904022 31.289543 -105.311363
v -2.630875 32.191734 -104.845352
v -0.866211 42.370949 -99.113434
v -11.194870 45.104263 -97.194801
v -7.792130 56.193886 -90.521957
v -20.562576 58.050041 -86.843803
v -16.935669 69.315674 -79.370758
v -25.517456 64.172775 -81.493912
v -21.939697 75.442314 -73.753250
v -27.192856 81.098251 -67.886566
v -36.126541 77.136024 -72.584534
v -41.769196 83.502632 -68.090088
v -38.632767 93.053192 -57.740211
v -53.690262 95.666557 -58.236900
v -51.116928 104.077377 -46.449837
v -65.985321 107.151627 -46.041786
v -64.061401 114.131744 -32.353889
v -77.884125 115.998627 -28.650965
v -75.467377 120.192520 -11.770151
v -84.981873 113.884781 -7.435006
v -78.895660 114.937653 10.151923
v -84.006226 104.530518 12.789284
v -76.924774 102.282135 27.205940
v -86.620209 90.537827 26.064064
v -83.441589 88.923172 39.660027
v -91.257935 76.425720 38.854210
v -87.916809 76.760025 51.845558
v -91.208923 68.059837 54.547848
v -86.739777 69.356346 67.467339
v -86.518250 63.280163 68.870628
v -81.567535 63.818901 82.105553
v -77.454041 59.439766 80.922447
v -68.876999 59.527893 91.712852
v -62.860626 56.242691 85.702782
v -53.924759 53.136551 92.677269
v -55.483780 53.439987 86.122917
v -47.166412 49.797073 94.883179
v -41.707626 50.622581 92.070000
v -34.349838 46.998390 102.554688
v -28.209396 51.866608 100.118858
v -19.952728 48.257538 107.721344
v -11.995941 55.909569 104.612236
v -5.036179 51.292534 112.380180
v 2.598541 43.941818 117.579956
v 10.957993 49.443642 116.000092
v 20.676437 55.771156 118.506004
v 34.796646 55.647465 129.714905
v 47.854156 59.251049 142.798340
v 63.063606 58.948620 153.702576
v 78.588165 57.053196 162.632385
v 81.928658 49.951328 173.764984
v 84.312775 43.759499 187.294250
v 85.892921 39.185173 202.066132
v 96.234436 45.267426 201.351868
v 108.999596 47.875183 210.362610
v 121.184830 53.105804 212.625336
v 127.957108 57.506126 203.691650
v 125.880814 54.911041 189.384003
v 119.332672 51.290260 188.830688
v 119.317375 56.508335 175.040558
v 110.167908 56.648281 176.460724
v 108.933464 63.780209 163.810303
v 96.979836 61.445171 166.670227
v 94.251106 68.949692 155.631439
v 82.450737 63.877117 157.328857
v 78.872803 71.742996 147.755096
v 74.786346 65.063278 153.132385
v 66.803207 66.496849 149.344360
v 62.581467 75.362030 140.850861
v 58.639191 67.895515 145.506866
v 50.750275 68.341225 140.498444
v 46.489990 76.678703 131.552460
v 43.492020 67.423401 134.504486
v 36.538101 66.175209 128.442780
v 31.796341 75.165253 120.012718
v 29.509308 65.486153 122.661674
v 22.531006 65.358826 116.857811
v 17.299637 73.748459 108.210503
v 6.811508 65.995483 107.342155
v 0.269897 71.913086 99.177483
v -10.475906 62.712425 99.902245
v -16.674423 66.190239 91.239830
v -19.043396 60.110413 97.010918
v -27.362045 57.548309 94.130852
v -33.221497 60.699188 84.254723
v -35.281876 55.658638 90.605858
v -41.964188 54.479607 86.058586
v -48.097382 57.801777 75.782402
v -48.803482 54.579529 81.938835
v -56.141541 54.779335 79.479942
v -63.835129 56.611256 71.685600
v -71.211426 55.983177 77.749748
v -77.561920 55.297573 66.864769
v -82.978699 58.352650 68.940056
v -88.410675 56.614925 58.113537
v -90.951324 61.378880 57.532238
v -96.979492 58.520901 46.458294
v -95.566315 65.714607 42.896465
v -99.880005 64.150436 31.069193
v -94.043091 75.640701 26.295740
v -97.605682 74.394356 15.139429
v -89.430237 91.207260 13.586724
v -93.483002 88.248077 0.505837
v -90.052185 102.114899 -3.005257
v -93.352173 97.834793 -16.935570
v -88.016327 109.955894 -23.682793
v -90.735382 103.659943 -38.080147
v -79.791687 109.252899 -43.876961
v -82.174591 101.243904 -57.837746
v -68.166565 99.127357 -59.157555
v -70.634277 89.957245 -71.306976
v -56.330231 86.336761 -69.463654
v -58.843002 76.250443 -80.155464
v -44.757492 73.220284 -78.009315
v -47.446518 62.412285 -87.611717
v -39.250305 66.459938 -81.887665
v -41.967178 55.369804 -90.983727
v -36.467789 48.661102 -94.707191
v -28.720245 52.872910 -89.477280
v -23.642914 46.562401 -94.175575
v -25.604752 35.084518 -101.649956
v -13.317596 34.045059 -103.768311
v -13.959641 23.430626 -110.412735
v -3.412033 22.438148 -110.610588
v -2.988571 12.798591 -116.361305
v 2.143677 12.658790 -115.650078
v 2.948486 3.228674 -121.916229
v 6.672256 2.799872 -120.813606
v 6.409180 -7.585901 -127.012100
v 8.443436 -8.965006 -124.440071
v 8.823380 -19.087244 -129.754410
v 9.394974 -21.421488 -125.715828
v 11.095383 -31.835367 -131.135223
v 11.610153 -34.510445 -125.647652
v -3.871765 58.292381 108.031395
v 4.797607 58.701859 110.889122
v 13.153000 57.493248 113.966667
v 85.638580 56.450069 167.925446
v 92.281654 55.707500 173.487213
v 94.058014 49.433441 186.899353
v 98.672272 54.508202 178.973419
v 104.607224 53.027542 184.609253
v 105.935745 48.117752 199.093567
v 109.909264 50.938583 190.444458
v 114.992340 48.953842 195.942749
v 118.084648 49.427406 207.564697
v 113.092987 93.488495 128.865631
v 121.039566 94.365921 141.887360
v 123.859055 91.437897 158.420654
v 125.369125 88.258720 173.145294
v 124.050201 83.390961 186.494110
v 120.652542 76.654472 198.487213
v 114.228333 76.594322 198.684753
v 106.255211 70.107803 212.279419
v 96.579803 61.010139 221.283508
v 85.667557 47.108711 223.895630
v 73.945831 43.657005 226.036591
v 119.387398 83.918556 186.879669
v 122.251953 91.198288 175.184784
v 122.977242 96.446327 161.812378
v 121.759186 100.127518 146.963348
v 114.471077 101.201790 132.301498
v 25.255234 129.759521 -11.284220
v 13.107208 133.432770 4.941717
v 0.809280 138.327759 20.950460
v -11.437637 140.130859 37.282093
v -21.407364 136.334564 55.644230
v -30.198761 129.874146 76.260368
v -35.789246 116.055290 95.936668
v -35.123520 95.304352 107.357750
v -34.100311 75.022804 115.997978
v -18.390594 34.413380 176.664612
v -11.840775 30.304731 179.312256
v -8.062393 25.724808 190.482025
v -16.347885 31.759155 194.979919
v -12.941574 27.788086 207.615265
v 0.710663 17.215607 212.677826
v 8.494492 9.208923 204.701996
v 3.296844 13.656281 196.273621
v 4.635712 13.244079 186.519348
v 0.597275 19.627836 183.737427
v -4.404480 20.792206 202.869171
v -5.232590 25.161634 181.460846
v 24.988510 -127.811653 -128.325562
v 86.087425 98.972801 59.455894
v 96.468102 104.138542 72.991539
v 110.551559 128.966110 100.000389
v 107.421776 123.943245 99.681267
v 111.618805 129.519470 116.945274
v 106.964661 125.419762 132.193985
v 99.454193 118.877571 146.723953
v 89.757889 110.034042 159.448990
v 80.999542 100.263680 171.684662
v 72.922218 89.297150 183.589966
v 65.675514 77.020287 194.706879
v 88.411835 105.574615 41.724159
v 88.773361 117.026169 41.241096
v 93.503212 119.990494 55.372047
v 93.958214 130.092407 55.258991
v 99.176025 132.566589 68.469872
v 95.116333 137.449097 70.990959
v 99.690971 137.647324 87.000633
v 90.330070 138.112152 91.461601
v 93.267868 136.824509 106.891106
v 78.914078 137.663010 111.777489
v 81.546593 133.852127 125.499596
v 66.450569 134.877884 129.930923
v 69.363396 128.866806 141.908951
v 54.231567 129.069519 145.981369
v 58.657753 120.534698 156.210312
v 44.857834 117.129364 158.574356
v 51.154037 107.881958 167.611984
v 39.417450 102.171021 168.707840
v 45.782089 93.077049 176.999786
v 35.859650 85.514000 176.443024
v 41.997955 76.795326 183.747498
v 33.689941 68.052826 181.031677
v 38.453140 60.564629 188.431305
v 37.745285 54.753334 197.325928
v 31.100815 46.564957 193.214722
v 31.398026 51.317482 184.430328
v 29.552124 -210.157196 -65.686050
v 32.911346 -203.466278 -78.150276
v 38.298874 -209.787811 -85.577858
v 38.926956 -200.817627 -93.199593
v 43.355911 -209.215454 -93.962425
v 45.700348 -200.648895 -100.885902
v 49.643860 -192.637772 -105.399628
v 58.610733 -198.179520 -114.418831
v 63.545982 -189.638260 -114.217751
v 66.642044 -179.902267 -106.318237
v 61.737030 -174.933670 -103.041656
v 70.355705 -175.851974 -113.345352
v 69.611351 -167.068344 -109.719292
v 68.620621 -186.914963 -119.329819
v 64.879349 -200.630081 -119.126167
v 55.230911 -206.621353 -109.073235
v 34.129013 -212.241425 -68.838547
vn 0.2484 0.8070 0.5357
vn -0.6141 0.3397 0.7124
vn 0.2747 -0.1057 0.9557
vn 0.4419 -0.5890 0.6766
vn 0.1700 -0.4320 0.8857
vn 0.7451 -0.5357 -0.3974
vn -0.2284 0.8709 0.4352
vn 0.1445 0.7083 0.6910
vn 0.0676 0.9962 0.0548
vn 0.9504 -0.0156 -0.3106
vn 0.5820 0.5545 0.5948
vn 0.9218 0.1936 -0.3359
vn 0.8920 -0.1731 -0.4177
vn 0.6382 0.7067 0.3054
vn 0.2026 -0.4733 0.8573
vn -0.5549 0.2434 0.7955
vn 0.5745 0.8185 0.0062
vn 0.0070 0.9784 0.2067
vn -0.2100 0.9483 -0.2379
vn -0.5301 0.8444 0.0766
vn 0.0428 0.9064 0.4203
vn -0.9151 0.3898 0.1033
vn -0.3086 0.8491 0.4286
vn -0.7528 0.4634 0.4675
vn -0.6775 0.5773 0.4557
vn -0.1290 0.9285 -0.3482
vn -0.3052 0.7765 -0.5512
vn 0.6819 0.6125 0.3998
vn -0.4515 0.5535 0.6999
vn 0.1845 0.8947 -0.4067
vn -0.0874 -0.9526 0.2913
vn 0.6774 -0.4691 -0.5667
vn -0.0388 -0.9163 -0.3986
vn 0.8217 -0.2456 -0.5144
vn 0.2981 -0.9426 0.1506
vn 0.5156 -0.8545 0.0625
vn 0.2230 -0.8621 -0.4550
vn 0.0424 -0.9584 -0.2822
vn -0.2223 0.2245 0.9488
vn 0.4539 -0.0506 0.8896
vn -0.0469 -0.5128 0.8572
vn 0.1481 -0.7068 0.6917
vn 0.8234 -0.0299 0.5667
vn 0.4802 0.8421 0.2455
vn 0.5536 0.1827 0.8125
vn 0.5893 0.2421 0.7708
vn 0.1392 0.1433 0.9798
vn 0.5019 -0.7772 0.3796
vn 0.4595 -0.6800 0.5714
vn 0.4614 -0.6101 0.6441
vn 0.4294 0.7453 0.5101
vn 0.1039 0.3554 0.9289
vn 0.2219 0.3438 0.9124
vn 0.7488 0.2708 0.6050
vn -0.3230 0.3343 0.8854
vn 0.8111 0.0848 0.5787
vn -0.5222 0.2252 0.8226
vn 0.2484 0.3218 0.9136
vn -0.2238 0.6997 0.6785
vn 0.4833 0.8683 -0.1113
vn -0.1572 0.6304 0.7602
vn -0.0642 0.7401 0.6694
vn 0.6524 0.2115 0.7278
vn 0.0768 0.7694 0.6341
vn -0.0919 0.5073 0.8569
vn -0.5693 -0.6012 0.5608
vn 0.5460 0.6875 0.4788
vn 0.4237 0.7077 0.5654
vn 0.1235 -0.4318 0.8935
vn -0.1939 0.6874 0.6999
vn 0.5987 -0.0474 0.7996
vn 0.1845 0.2960 0.9372
vn 0.3313 -0.6264 0.7055
vn 0.1188 -0.6703 0.7325
vn 0.8785 -0.1285 0.4601
vn 0.4432 -0.5720 0.6902
vn 0.0236 0.8362 0.5479
vn 0.5116 -0.8282 -0.2286
vn 0.4306 -0.8536 -0.2931
vn 0.6690 -0.7403 0.0660
vn 0.9039 -0.4013 -0.1481
vn -0.0824 0.9557 0.2826
vn 0.9655 -0.1369 -0.2215
vn 0.8375 -0.2651 -0.4778
vn 0.7724 -0.4761 0.4204
vn 0.9732 -0.1870 -0.1341
vn 0.1896 -0.8796 -0.4363
vn -0.1724 0.2830 0.9435
vn 0.0884 -0.9961 0.0025
vn 0.2859 0.8527 -0.4372
vn 0.8562 0.2026 0.4752
vn 0.4584 0.2005 0.8658
vn -0.0349 0.5376 0.8425
vn 0.0616 0.8438 -0.5331
vn 0.9397 0.3350 -0.0685
vn -0.0843 0.9812 -0.1736
vn -0.1517 0.9366 -0.3160
vn 0.7804 0.5493 0.2988
vn 0.7159 0.5990 0.3588
vn 0.5012 0.8437 0.1920
vn -0.5802 0.7472 -0.3242
vn 0.3318 0.5693 0.7522
vn 0.5424 0.8374 -0.0678
vn -0.3715 0.2298 0.8995
vn -0.3732 -0.3049 0.8762
vn 0.2303 0.6337 0.7385
vn -0.1491 0.7184 0.6794
vn -0.5740 0.3036 0.7605
vn 0.3708 0.7537 0.5427
vn 0.3571 0.8649 0.3528
vn -0.7826 0.0684 0.6188
vn -0.4352 0.1768 0.8828
vn -0.4396 0.3841 0.8119
vn -0.6643 0.6870 -0.2947
vn -0.4422 0.1613 0.8823
vn -0.2110 0.3856 0.8982
vn 0.0195 0.5314 0.8469
vn 0.7847 0.3686 0.4984
vn 0.1175 0.9602 0.2532
vn -0.4547 0.2752 0.8470
vn -0.6254 0.0100 0.7803
vn -0.0804 0.6088 0.7893
vn -0.3340 0.4547 0.8256
vn -0.2210 0.5202 0.8250
vn -0.2739 0.9030 0.3310
vn -0.1604 0.9325 0.3235
vn -0.1887 0.7937 0.5782
vn -0.1983 0.6614 0.7234
vn -0.1219 0.8403 0.5283
vn 0.0701 0.9902 0.1206
vn -0.1274 0.6148 0.7783
vn -0.6793 0.4673 0.5659
vn 0.1496 0.8878 0.4352
vn 0.1457 0.9055 0.3986
vn -0.1728 0.9633 0.2056
vn 0.0742 0.9972 0.0094
vn -0.0027 0.9969 0.0787
vn 0.1108 0.9867 0.1188
vn 0.0037 0.9986 -0.0524
vn 0.2185 0.9625 -0.1609
vn 0.1306 0.9902 -0.0502
vn 0.1160 0.9932 -0.0085
vn 0.1092 0.9881 -0.1086
vn 0.7033 0.4366 -0.5611
vn 0.0489 0.9988 -0.0046
vn 0.0787 0.9959 -0.0456
vn 0.1584 0.9787 -0.1303
vn 0.9316 -0.3040 -0.1993
vn 0.2337 0.9258 -0.2970
vn 0.7144 -0.2561 -0.6512
vn 0.9979 0.0097 0.0642
vn 0.3341 0.8890 -0.3133
vn 0.8926 -0.2135 0.3971
vn 0.7352 -0.2574 -0.6271
vn -0.1531 -0.9293 0.3360
vn 0.8758 -0.1881 0.4445
vn 0.3044 -0.9511 -0.0528
vn 0.4988 0.6424 0.5819
vn 0.0296 -0.9793 0.2003
vn -0.0723 -0.9215 0.3817
vn 0.2464 -0.9666 0.0699
vn -0.0560 -0.9762 0.2095
vn 0.9721 -0.2311 0.0404
vn 0.1256 -0.9398 0.3179
vn 0.8660 -0.4440 -0.2301
vn 0.1080 -0.9791 0.1725
vn -0.3250 -0.8265 0.4596
vn 0.0433 -0.9071 0.4186
vn 0.3965 -0.7387 -0.5451
vn -0.0206 -0.8683 0.4957
vn 0.1363 -0.9614 0.2390
vn 0.2455 -0.8486 0.4686
vn 0.1115 -0.9081 0.4036
vn 0.1022 -0.9548 0.2791
vn 0.1888 -0.9158 0.3544
vn 0.3055 -0.8271 0.4717
vn -0.1927 -0.8251 0.5312
vn 0.1414 -0.8402 0.5235
vn 0.3141 -0.9077 0.2783
vn 0.0220 -0.7894 0.6135
vn 0.1764 -0.7319 0.6582
vn 0.1492 -0.8623 0.4840
vn 0.1242 -0.5955 0.7937
vn 0.2190 -0.9281 0.3011
vn 0.3936 -0.8873 0.2405
vn -0.1173 -0.7467 0.6548
vn 0.2265 -0.8940 0.3867
vn 0.0801 -0.6571 0.7495
vn 0.0723 -0.8190 0.5692
vn 0.1876 -0.9350 0.3010
vn 0.1250 -0.8530 0.5068
vn 0.1079 -0.8696 0.4818
vn 0.1716 -0.9050 0.3894
vn 0.1403 -0.9019 0.4085
vn 0.4942 -0.7559 0.4295
vn 0.0848 -0.7553 0.6498
vn -0.2324 -0.9613 0.1481
vn 0.4718 -0.8719 0.1312
vn -0.0011 -0.7693 0.6389
vn -0.0117 -0.7232 0.6906
vn 0.5950 -0.7627 0.2536
vn 0.4645 -0.8345 0.2963
vn 0.4671 -0.8034 0.3691
vn 0.9929 0.1156 0.0294
vn -0.9703 -0.1596 0.1819
vn -0.3152 0.9129 0.2593
vn 0.9119 -0.2785 -0.3014
vn 0.0292 -0.8033 0.5949
vn -1.0000 -0.0002 0.0040
vn -0.9801 -0.1773 0.0889
vn -0.5013 -0.6083 0.6154
vn -0.9958 -0.0602 0.0683
vn -0.9736 -0.0855 0.2115
vn 0.0879 -0.8321 0.5476
vn 0.1796 -0.7633 0.6206
vn -0.9984 -0.0460 0.0318
vn -0.7587 -0.6108 0.2265
vn -0.9980 0.0413 -0.0473
vn 0.2008 0.5961 -0.7774
vn -0.9987 -0.0256 -0.0445
vn -0.9976 -0.0156 0.0671
vn -0.9987 0.0312 -0.0403
vn -0.9836 -0.1750 -0.0441
vn -0.8033 0.4541 -0.3853
vn -0.1155 0.6133 -0.7814
vn -0.9961 -0.0848 0.0226
vn -0.3251 0.5888 -0.7400
vn -0.9613 -0.2028 0.1866
vn 0.2472 -0.6232 0.7420
vn -0.9835 -0.1162 -0.1386
vn -0.9731 -0.2238 -0.0547
vn -0.8397 0.0571 -0.5400
vn -0.9736 -0.2068 -0.0963
vn -0.9162 -0.2905 -0.2759
vn -0.9683 -0.0959 -0.2305
vn -0.9315 0.0216 -0.3631
vn -0.6253 -0.1707 -0.7615
vn -0.6374 0.2524 -0.7280
vn -0.3287 0.1323 -0.9351
vn -0.6691 0.2726 -0.6914
vn 0.1497 0.1697 -0.9741
vn 0.1575 0.3016 -0.9403
vn -0.2036 0.4595 -0.8645
vn 0.0329 0.4329 -0.9009
vn 0.2567 0.4590 -0.8505
vn -0.7023 0.3127 -0.6395
vn 0.2370 0.4568 -0.8574
vn 0.0117 0.4129 -0.9107
vn -0.6395 -0.5482 -0.5389
vn -0.6123 -0.2442 -0.7520
vn -0.7950 -0.3427 -0.5005
vn 0.1784 0.4307 -0.8847
vn 0.2266 0.3544 -0.9072
vn -0.2177 -0.2731 -0.9370
vn -0.1600 0.1088 -0.9811
vn 0.0467 0.3064 -0.9508
vn -0.6289 -0.0456 -0.7761
vn 0.0211 0.3624 -0.9318
vn -0.2407 0.2553 -0.9364
vn 0.0927 0.3537 -0.9307
vn -0.0164 0.3151 -0.9489
vn -0.1347 0.1697 -0.9762
vn 0.0469 0.4455 -0.8941
vn 0.1888 0.4473 -0.8742
vn 0.0038 0.2207 -0.9753
vn 0.6418 0.6550 -0.3990
vn 0.0119 0.1240 -0.9922
vn -0.1871 0.0321 -0.9818
vn -0.1506 0.0709 -0.9861
vn 0.1946 0.2273 -0.9542
vn 0.4371 0.4452 -0.7815
vn 0.4066 0.1825 -0.8952
vn -0.3446 0.1701 -0.9232
vn 0.7452 0.1379 -0.6524
vn 0.9438 0.1865 -0.2729
vn 0.7335 -0.0670 -0.6764
vn 0.9125 0.1491 -0.3809
vn 0.6892 0.1725 -0.7037
vn 0.9290 0.2196 -0.2978
vn 0.7787 0.0166 -0.6272
vn 0.6414 0.7310 0.2330
vn 0.8062 0.2910 0.5151
vn 0.7703 0.0797 -0.6327
vn 0.6632 0.0758 -0.7446
vn 0.7193 0.6771 0.1554
vn 0.5494 0.7225 0.4198
vn 0.6655 0.7164 0.2097
vn 0.8307 0.2943 -0.4725
vn 0.3070 0.9199 0.2440
vn -0.4958 -0.3601 -0.7903
vn 0.3093 0.4547 0.8352
vn 0.2669 0.1641 0.9496
vn 0.5737 0.7947 0.1982
vn 0.5978 0.7917 0.1259
vn -0.2876 0.1184 -0.9504
vn 0.1944 0.9516 0.2379
vn -0.6501 -0.0212 0.7595
vn 0.3331 0.4889 0.8063
vn 0.1765 0.4223 0.8891
vn 0.3576 0.9125 -0.1985
vn 0.2641 0.4969 0.8266
vn 0.1612 0.1138 0.9803
vn 0.0290 0.3117 0.9497
vn 0.2011 0.8879 0.4137
vn 0.1197 0.2403 0.9633
vn 0.3066 0.9126 -0.2704
vn -0.9250 -0.2943 -0.2406
vn 0.4079 0.5241 0.7476
vn 0.3090 0.5471 0.7779
vn -0.9097 0.1236 0.3965
vn -0.9848 -0.1674 -0.0463
vn 0.3028 0.6053 0.7362
vn -0.9741 -0.2256 0.0128
vn -0.9902 0.0178 0.1388
vn 0.5491 0.4497 0.7045
vn 0.7106 0.1010 0.6963
vn 0.0134 0.7959 0.6052
vn 0.6043 0.5144 0.6084
vn -0.7278 -0.5801 -0.3658
vn -0.9042 0.2732 0.3284
vn -0.9635 -0.2273 0.1413
vn -0.9371 -0.3141 -0.1521
vn -0.9465 -0.3066 -0.1011
vn -0.9924 0.0003 0.1233
vn -0.6023 -0.7023 -0.3795
vn -0.5944 -0.6855 -0.4204
vn -0.4635 0.7500 0.4719
vn 0.7124 -0.7017 -0.0116
vn -0.7672 -0.6138 -0.1863
vn 0.3324 0.5937 0.7328
vn -0.6315 0.6063 0.4834
vn -0.7302 -0.6820 0.0408
vn -0.3053 -0.9522 0.0112
vn -0.8743 -0.3981 0.2777
vn 0.5131 -0.7451 -0.4260
vn -0.6026 -0.7810 0.1642
vn 0.6056 -0.6836 -0.4073
vn 0.2797 -0.8474 -0.4514
vn 0.9827 0.1258 0.1361
vn -0.7150 -0.6214 0.3204
vn 0.3238 -0.9453 -0.0400
vn -0.5775 -0.8032 0.1459
vn 0.3997 0.6356 0.6605
vn 0.6063 -0.7388 0.2942
vn 0.4760 -0.7886 -0.3892
vn 0.2127 0.9636 0.1622
vn 0.9654 -0.0368 0.2580
vn -0.0702 0.9766 0.2032
vn -0.2410 0.9366 0.2542
vn 0.1212 -0.7169 0.6865
vn 0.3149 -0.9486 0.0325
vn 0.1065 -0.8641 0.4919
vn 0.6504 0.4935 0.5774
vn 0.0465 0.1448 0.9884
vn 0.9897 0.0730 0.1230
vn 0.2543 0.5125 0.8202
vn 0.4321 0.4912 0.7563
vn 0.4811 -0.6656 0.5706
vn 0.1415 0.8698 0.4727
vn 0.6020 0.4842 0.6349
vn -0.1380 -0.4107 0.9013
vn -0.5749 -0.8052 0.1455
vn 0.1344 -0.9909 -0.0085
vn 0.1212 -0.3883 0.9135
vn 0.7758 -0.6291 0.0485
vn 0.7401 -0.5676 -0.3606
vn -0.6644 -0.6893 0.2888
vn 0.6194 -0.6727 -0.4048
vn 0.0348 0.6674 0.7439
vn 0.4771 -0.7978 -0.3685
vn 0.2906 -0.8689 -0.4007
vn 0.2248 -0.9466 -0.2313
vn -0.8814 -0.2984 0.3661
vn 0.0810 -0.9269 -0.3666
vn 0.3129 0.5330 0.7861
vn -0.3416 -0.9349 -0.0960
vn -0.8060 -0.5411 0.2400
vn -0.6872 -0.7204 -0.0940
vn 0.0756 -0.8850 -0.4595
vn -0.6895 -0.6466 -0.3263
vn -0.8015 -0.5790 -0.1496
vn 0.0598 0.4027 0.9134
vn -0.7511 -0.5767 -0.3213
vn -0.8835 -0.2808 0.3748
vn -0.8900 -0.4559 0.0016
vn 0.3563 0.6969 0.6224
vn 0.2368 0.7896 0.5660
vn -0.9898 -0.1403 0.0242
vn -0.4853 0.6468 0.5884
vn -0.9949 0.0075 0.1006
vn -0.7581 -0.5428 -0.3614
vn -0.2729 0.7142 0.6445
vn -0.9750 -0.1886 0.1172
vn -0.8993 0.0677 0.4320
vn -0.9822 0.0142 0.1871
vn 0.3333 0.6857 0.6471
vn -0.4317 0.2541 0.8655
vn -0.4712 0.2276 0.8522
vn -0.5923 0.4561 0.6642
vn 0.6583 0.0368 0.7518
vn 0.3649 0.6225 0.6923
vn 0.5352 0.4621 0.7072
vn 0.3619 0.5676 0.7395
vn -0.3502 0.5194 0.7795
vn -0.3747 0.4003 0.8363
vn 0.3621 0.7519 0.5509
vn 0.2561 0.8966 -0.3614
vn 0.1514 0.4549 0.8776
vn 0.2304 0.5844 0.7781
vn 0.2010 0.8887 0.4120
vn 0.1906 0.9005 -0.3909
vn 0.2019 0.3446 0.9168
vn 0.0743 0.5805 0.8108
vn 0.7795 0.0913 0.6198
vn 0.3990 0.5165 0.7577
vn -0.3306 0.4178 0.8462
vn 0.7392 0.1575 0.6548
vn 0.5584 0.5539 0.6176
vn -0.7124 -0.5520 0.4332
vn 0.3481 0.7005 0.6230
vn 0.5397 0.5797 0.6105
vn 0.4934 0.6824 0.5393
vn 0.3785 0.7565 0.5333
vn -0.3719 0.6910 0.6199
vn -0.8452 -0.2681 0.4624
vn -0.6069 0.2615 0.7506
vn -0.7327 -0.0930 0.6741
vn -0.5363 -0.5175 0.6668
vn -0.2685 -0.5046 0.8205
vn -0.7148 -0.4618 0.5252
vn -0.6646 -0.6333 0.3965
vn 0.2648 0.5797 0.7706
vn 0.6129 0.2320 0.7553
vn -0.6610 -0.7116 0.2383
vn -0.2265 -0.7600 0.6092
vn -0.5512 -0.4705 0.6891
vn -0.5358 0.1602 0.8290
vn -0.6004 -0.1060 0.7927
vn -0.0986 -0.7387 0.6668
vn 0.6332 0.3944 0.6660
vn -0.4834 0.1584 0.8610
vn 0.0987 -0.9801 0.1722
vn -0.2169 -0.9762 0.0060
vn 0.5115 -0.6405 0.5728
vn 0.7337 0.0577 0.6770
vn 0.1607 0.7334 0.6605
vn -0.2246 0.5220 0.8229
vn -0.0763 0.2295 0.9703
vn -0.7041 -0.5992 0.3810
vn 0.3186 0.6165 0.7200
vn 0.4731 0.6459 0.5992
vn -0.8379 -0.3696 0.4017
vn -0.0510 0.2931 0.9547
vn -0.5706 0.5284 0.6287
vn -0.0779 0.7840 0.6159
vn 0.1833 0.7980 0.5741
vn 0.6128 0.6155 0.4956
vn 0.3431 0.6992 0.6272
vn 0.2007 0.7472 0.6335
vn -0.3399 0.7339 0.5881
vn -0.4441 -0.1046 0.8899
vn 0.5755 0.5642 0.5920
vn 0.2469 0.6803 0.6901
vn 0.7952 0.5878 0.1490
vn 0.1070 0.6541 0.7488
vn 0.7270 0.2974 0.6189
vn 0.0173 0.5812 0.8136
vn 0.3285 0.0557 0.9429
vn 0.6572 0.0976 0.7474
vn -0.3530 0.9321 0.0818
vn -0.4047 0.9071 -0.1156
vn 0.1942 0.0558 0.9794
vn 0.6896 0.0942 0.7180
vn 0.2102 0.6554 0.7254
vn 0.9942 0.1016 -0.0350
vn 0.2330 0.8708 -0.4330
vn 0.5551 0.8289 0.0697
vn 0.8985 0.1735 -0.4033
vn 0.5499 0.2302 0.8029
vn 0.8220 0.0995 0.5607
vn 0.7021 -0.4740 -0.5315
vn 0.5731 0.7161 -0.3984
vn -0.0180 -0.1212 -0.9925
vn -0.3604 0.1766 -0.9159
vn -0.1406 0.3542 -0.9245
vn -0.2130 0.3705 -0.9041
vn -0.5359 -0.0311 -0.8437
vn 0.2757 0.4407 -0.8543
vn -0.0836 -0.1437 -0.9861
vn 0.0203 0.0861 -0.9961
vn 0.1420 0.3047 -0.9418
vn -0.9244 -0.3368 0.1788
vn -0.8359 -0.3783 -0.3976
vn -0.8719 0.3206 -0.3703
vn -0.9874 -0.1400 -0.0734
vn -0.8614 0.2783 -0.4249
vn -0.9701 -0.2267 -0.0864
vn -0.6467 -0.7626 -0.0174
vn -0.8604 -0.5015 -0.0908
vn -0.9658 0.2467 -0.0800
vn 0.1794 -0.8303 0.5276
vn -0.0112 -0.7635 0.6457
vn -0.9882 0.1527 -0.0109
vn -0.8908 -0.4080 0.2001
vn 0.1424 0.7514 0.6442
vn -0.1907 -0.8138 0.5490
vn 0.0658 -0.5018 0.8625
vn 0.0579 -0.4877 0.8711
vn 0.1213 -0.7744 0.6210
vn 0.1024 -0.5001 0.8599
vn 0.0120 -0.4652 0.8851
vn 0.1951 -0.7995 0.5681
vn 0.0910 -0.5703 0.8164
vn 0.2760 -0.7755 0.5678
vn -0.1399 0.9890 -0.0477
vn 0.4741 -0.6846 -0.5537
vn 0.7719 -0.6283 0.0966
vn 0.6555 -0.7152 -0.2425
vn 0.9095 -0.1396 0.3916
vn 0.1759 0.9659 -0.1900
vn 0.3553 -0.7852 0.5073
vn 0.7944 -0.3168 -0.5183
vn -0.2755 -0.8574 0.4348
vn -0.4988 0.6746 0.5442
vn 0.5127 -0.8048 0.2990
vn -0.0194 -0.9939 0.1089
vn 0.4729 0.2899 0.8320
vn 0.7621 0.0297 -0.6468
vn 0.8842 -0.2169 0.4136
vn 0.8692 0.3953 -0.2969
vn 0.0614 0.9979 -0.0180
vn 0.2885 0.9274 -0.2381
vn 0.1494 0.9843 -0.0943
vn 0.0731 0.9973 -0.0083
vn 0.0502 0.9983 0.0281
vn -0.0764 0.7513 0.6555
vn -0.1703 0.9723 0.1604
vn -0.1986 0.9065 0.3727
vn -0.1408 0.9608 0.2389
vn 0.0346 0.7601 0.6489
vn -0.1200 0.4568 0.8815
vn -0.6148 0.2370 0.7522
vn -0.4344 0.1544 0.8874
vn -0.5659 0.0860 0.8200
vn -0.6142 0.4395 0.6554
vn 0.2389 0.9562 0.1689
vn -0.7548 0.0945 0.6491
vn -0.1713 0.9245 0.3406
vn 0.0684 0.4514 0.8897
vn 0.3077 0.6385 0.7054
vn -0.1622 0.8937 0.4183
vn 0.3400 0.8664 0.3658
vn 0.3524 0.7552 0.5527
vn -0.7553 0.0486 0.6536
vn -0.1742 0.6055 0.7766
vn -0.6251 0.1923 0.7565
vn -0.7402 0.0081 0.6723
vn -0.6617 0.6440 0.3841
vn 0.2559 0.9584 0.1267
vn -0.3052 0.9308 0.2013
vn -0.6333 0.2951 0.7154
vn 0.2169 0.9737 0.0697
vn -0.2082 0.8167 0.5382
vn -0.1560 0.9878 -0.0008
vn 0.2336 0.9481 0.2159
vn -0.1614 0.9865 -0.0284
vn -0.1003 0.9875 0.1214
vn 0.1221 0.9831 -0.1366
vn -0.1644 0.9857 0.0378
vn 0.1664 0.9624 -0.2146
vn -0.0180 0.9954 -0.0937
vn 0.0275 0.9992 -0.0280
vn 0.3643 0.8260 -0.4301
vn 0.0970 0.9916 -0.0852
vn 0.4467 -0.8902 -0.0892
vn 0.6970 -0.4991 -0.5148
vn 0.3592 0.7173 -0.5970
vn 0.8479 -0.4482 -0.2831
vn 0.8803 0.4390 -0.1800
vn 0.2331 -0.8420 0.4865
vn 0.6409 -0.5990 -0.4801
vn 0.7450 -0.6480 -0.1584
vn -0.0773 0.9817 -0.1742
vn 0.6879 0.4515 -0.5682
vn 0.6161 -0.7167 -0.3267
vn 0.6238 -0.6983 -0.3510
vn 0.2275 0.9226 -0.3115
vn 0.6016 -0.7861 0.1420
vn 0.5191 0.6520 -0.5527
vn 0.7841 -0.6205 -0.0118
vn 0.6411 -0.7429 0.1927
vn 0.5441 -0.2772 -0.7919
vn 0.6689 0.4471 -0.5939
vn -0.0452 0.9665 -0.2527
vn 0.3889 -0.7270 0.5658
vn -0.0995 -0.5440 0.8332
vn 0.0723 -0.5002 0.8629
vn -0.1889 -0.3854 0.9032
vn 0.4726 -0.5786 0.6647
vn -0.0372 -0.6139 0.7885
vn 0.2633 -0.5002 0.8249
vn -0.0700 -0.3771 0.9235
vn -0.1664 -0.5410 0.8244
vn -0.0944 -0.6556 0.7492
vn -0.1385 -0.4074 0.9027
vn -0.0186 -0.7037 0.7103
vn -0.1933 -0.7201 0.6663
vn 0.0160 -0.5707 0.8210
vn 0.1728 -0.5656 0.8064
vn 0.2397 -0.7754 0.5842
vn -0.1367 -0.4946 0.8583
vn 0.0465 -0.4174 0.9075
vn -0.1111 -0.4894 0.8649
vn -0.1945 -0.3954 0.8977
vn -0.7053 -0.7087 -0.0168
vn -0.4945 -0.8509 0.1773
vn -0.8856 -0.4488 -0.1198
vn -0.8529 -0.5216 0.0222
vn -0.8992 -0.4315 -0.0722
vn -0.9006 -0.2586 -0.3494
vn -0.1292 -0.1894 -0.9734
vn -0.0609 -0.2977 -0.9527
vn -0.3021 -0.2020 -0.9316
vn 0.4083 -0.1028 -0.9070
vn -0.4880 -0.1068 -0.8663
vn 0.5140 -0.2404 -0.8234
vn 0.8106 -0.4586 -0.3642
vn 0.4704 -0.5816 -0.6637
vn -0.6258 -0.5637 -0.5390
vn 0.5595 -0.3202 -0.7645
vn 0.6623 -0.1795 -0.7274
vn -0.8129 -0.5748 0.0939
vn 0.5247 -0.4212 -0.7398
vn 0.9754 0.0715 0.2087
vn 0.6783 0.6007 0.4232
vn 0.7439 0.3949 0.5392
vn 0.9665 0.2235 0.1266
vn -0.3150 -0.5064 -0.8027
vn 0.0963 -0.7479 -0.6568
vn 0.6406 0.5882 0.4936
vn 0.8798 -0.4147 -0.2322
vn 0.6536 0.6867 0.3184
vn 0.6514 0.6960 0.3022
vn 0.5797 0.6820 0.4459
vn 0.6205 0.7712 0.1425
vn 0.5179 0.6282 0.5806
vn 0.5707 0.7378 0.3605
vn 0.5946 0.6833 0.4237
vn 0.4329 0.6365 0.6384
vn -0.1309 0.8176 0.5607
vn -0.7265 -0.6001 0.3348
vn 0.3793 0.7841 0.4913
vn -0.0471 0.7718 0.6341
vn -0.0507 0.7358 0.6753
vn 0.1524 0.8360 0.5271
vn -0.2584 0.8961 -0.3609
vn -0.4066 0.7093 0.5758
vn -0.2496 0.5063 0.8254
vn 0.3433 0.4889 0.8019
vn -0.2708 0.4407 0.8558
vn 0.4117 0.7528 0.5136
vn 0.2067 -0.8264 0.5238
vn 0.4111 0.6924 0.5929
vn -0.4379 0.4252 0.7921
vn -0.2850 0.1222 0.9507
vn 0.2848 0.3857 0.8776
vn 0.3823 -0.9200 -0.0865
vn -0.6685 -0.1767 0.7224
vn 0.0088 0.2712 0.9625
vn -0.1719 -0.0499 0.9839
vn -0.2437 -0.1376 0.9600
vn 0.0802 -0.8791 0.4698
vn -0.3508 0.5663 0.7458
vn -0.3287 -0.9303 0.1625
vn -0.5531 -0.0332 0.8325
vn 0.3133 0.6167 0.7222
vn -0.5600 -0.6278 0.5406
vn -0.0869 0.0209 0.9960
vn -0.5770 -0.8031 0.1488
vn 0.8355 0.4534 0.3104
vn 0.3952 0.7446 0.5380
vn 0.3399 0.5519 0.7615
vn 0.3974 0.9172 -0.0285
vn -0.5456 0.1476 0.8250
vn 0.9725 0.0471 0.2279
vn 0.1407 -0.7897 -0.5971
vn 0.0925 0.7671 0.6348
vn 0.4803 0.5299 0.6989
vn 0.5018 0.8128 0.2960
vn 0.0300 -0.6931 0.7202
vn -0.1879 0.5336 0.8246
vn 0.7248 0.4882 0.4861
vn 0.7755 -0.5436 -0.3212
vn 0.7615 -0.5523 -0.3393
vn 0.7379 0.4769 0.4776
vn 0.2605 -0.7493 -0.6088
vn 0.7838 0.5063 0.3597
vn 0.6699 0.6294 0.3939
vn 0.9709 0.1803 0.1578
vn 0.8505 -0.4438 -0.2825
vn -0.6770 -0.2368 -0.6969
vn 0.6645 -0.3301 -0.6704
vn -0.4767 -0.3665 -0.7990
vn 0.7115 -0.1042 -0.6950
vn -0.8395 -0.4904 -0.2342
vn -0.9518 -0.3056 -0.0269
vn -0.9409 -0.3336 0.0584
vn -0.1876 -0.0400 -0.9814
vn -0.8269 -0.5368 0.1678
vn -0.0246 -0.3340 0.9423
vn -0.0622 -0.3732 0.9257
vn -0.7580 -0.4866 -0.4344
vn -0.8384 -0.5394 -0.0779
vn -0.1213 -0.4692 0.8747
vn -0.6620 -0.7483 0.0425
vn -0.6225 -0.7786 -0.0788
vn -0.5642 -0.8189 -0.1053
vn -0.3927 -0.4492 0.8025
vn -0.8910 -0.3988 0.2169
vn 0.2160 -0.5830 0.7833
vn 0.0425 -0.5084 0.8601
vn 0.6880 -0.5897 0.4230
vn 0.0867 -0.8483 0.5224
vn -0.1119 -0.6451 0.7558
vn 0.8031 -0.5890 -0.0906
vn 0.3593 0.7343 -0.5759
vn 0.2731 -0.7802 0.5628
vn 0.4984 -0.8666 0.0228
vn 0.3101 0.7999 -0.5138
vn 0.6814 -0.6825 -0.2645
vn 0.2845 0.8657 -0.4119
vn 0.1421 0.9718 -0.1880
vn 0.0888 0.9946 -0.0531
vn -0.9177 0.1372 0.3728
vn -0.6251 0.7605 0.1759
vn -0.8941 0.0966 0.4374
vn -0.7196 0.4637 0.5169
vn -0.6686 -0.7415 0.0555
vn -0.2736 0.9007 0.3374
vn -0.9494 -0.0422 0.3113
vn -0.5624 0.6949 -0.4482
vn -0.9840 -0.1344 0.1167
vn -0.7819 -0.5677 0.2574
vn -0.2333 0.6029 0.7630
vn -0.4513 0.8855 0.1110
vn -0.5561 0.7058 -0.4388
vn -0.0127 0.9509 0.3093
vn -0.4699 0.8816 -0.0446
vn -0.3677 0.0355 0.9293
vn -0.6030 -0.7977 0.0050
vn -0.2758 -0.7009 0.6578
vn -0.8572 0.5147 0.0163
vn -0.9086 0.2159 0.3576
vn 0.3288 0.8970 -0.2954
vn 0.0513 0.9597 0.2762
vn 0.0817 0.9957 0.0435
vn -0.2117 0.8909 0.4019
vn 0.3683 0.9280 -0.0569
vn -0.5192 0.2638 0.8129
vn -0.6435 0.7536 -0.1343
vn -0.4296 -0.8487 0.3085
vn 0.8458 0.1981 0.4954
vn -0.6034 -0.7485 -0.2750
vn -0.7584 0.6424 0.1103
vn -0.7932 0.6055 0.0648
vn -0.2676 -0.1425 0.9529
vn 0.8258 0.5241 0.2082
vn 0.7959 -0.5162 -0.3163
vn -0.0181 -0.9587 0.2839
vn 0.1409 0.0595 0.9882
vn -0.5861 -0.0703 0.8072
vn 0.3395 0.9400 0.0338
vn -0.1852 -0.7196 0.6692
vn -0.7131 0.6072 0.3503
vn -0.3613 0.4118 0.8366
vn -0.4480 0.8846 -0.1297
vn 0.1634 0.9155 -0.3677
vn 0.5685 0.5400 0.6207
vn -0.5080 0.8417 -0.1831
vn -0.5148 0.8395 -0.1739
vn 0.2793 0.5347 0.7975
vn 0.0630 0.8995 -0.4323
vn -0.4173 0.8360 -0.3563
vn -0.5242 0.8164 -0.2423
vn 0.0416 0.7207 0.6920
vn -0.2085 0.8025 0.5590
vn -0.0438 0.9897 -0.1362
vn -0.4948 0.7190 0.4880
vn -0.4021 0.4287 0.8090
vn -0.1926 0.5744 0.7956
vn -0.0112 0.6730 0.7395
vn 0.6901 0.6347 -0.3476
vn 0.8098 0.5247 -0.2624
vn 0.8644 0.4198 0.2769
vn 0.3463 0.8040 0.4833
vn 0.1277 0.9637 0.2344
vn 0.7554 0.5731 0.3177
vn -0.0004 -0.9939 0.1105
vn 0.8501 -0.2944 -0.4366
vn -0.0648 -0.9804 0.1858
vn 0.4912 -0.6700 -0.5566
vn 0.5574 -0.8149 0.1586
vn 0.7971 -0.6018 0.0491
vn 0.3121 -0.9474 0.0709
vn 0.3999 -0.9042 0.1500
vn 0.3106 -0.9478 0.0719
vn 0.2650 -0.9543 -0.1379
vn 0.6267 -0.7793 0.0020
vn 0.3232 -0.9459 0.0301
vn -0.8806 -0.2310 0.4137
vn 0.6545 -0.5524 0.5162
vn 0.2474 -0.7376 0.6283
vn 0.5596 -0.8177 0.1351
vn 0.6896 -0.7042 0.1690
vn 0.0396 -0.8222 0.5679
vn -0.9992 0.0377 0.0119
vn -0.9974 0.0513 -0.0499
vn -0.0322 -0.5244 0.8509
vn -0.2224 -0.8934 0.3904
vn -0.9650 -0.2432 0.0983
vn -0.8349 -0.4788 0.2714
vn -0.3248 0.6208 -0.7135
vn -0.9365 -0.3360 0.1003
vn -0.9980 -0.0188 0.0610
vn -0.0821 -0.7504 0.6559
vn -0.7211 -0.5444 0.4286
vn -0.9754 -0.1548 0.1571
vn -0.9847 0.1424 -0.1010
vn -0.9914 0.0937 -0.0916
vn -0.2859 -0.5803 0.7626
vn -0.9953 0.0376 -0.0894
vn -0.5103 0.4836 -0.7112
vn -0.9576 0.0312 -0.2865
vn -0.0975 0.4146 -0.9048
vn -0.6598 -0.0032 -0.7515
vn -0.8661 -0.4938 0.0775
vn -0.9879 -0.0754 -0.1352
vn -0.1168 0.5462 -0.8295
vn 0.8243 0.2317 0.5166
vn -0.3286 0.1986 -0.9233
vn 0.1986 0.5523 -0.8096
vn -0.9449 -0.1422 -0.2948
vn -0.2028 -0.1779 -0.9629
vn -0.1081 0.5355 -0.8376
vn 0.1524 0.2745 -0.9494
vn 0.1028 0.4285 -0.8977
vn 0.0374 0.4659 -0.8841
vn 0.3041 0.4409 -0.8445
vn 0.8976 0.3358 -0.2855
vn 0.8208 -0.0893 0.5641
vn 0.2568 0.3946 -0.8822
vn 0.7386 0.4014 -0.5416
vn 0.9912 0.0156 0.1315
vn 0.9869 0.1171 -0.1112
vn -0.2257 0.3655 -0.9030
vn 0.1672 0.5461 -0.8209
vn 0.0510 0.2689 -0.9618
vn 0.2126 0.2911 -0.9328
vn 0.8213 0.4832 0.3034
vn 0.8427 0.4947 0.2122
vn 0.8150 0.3719 0.4445
vn 0.6539 0.6499 0.3874
vn 0.5614 0.6854 0.4638
vn 0.7182 -0.0209 -0.6955
vn 0.6307 0.2444 0.7366
vn 0.7839 0.2752 0.5565
vn 0.7652 -0.0224 0.6434
vn 0.1807 0.2382 0.9543
vn 0.1326 0.3056 0.9429
vn -0.5897 0.1517 0.7932
vn 0.5187 0.8527 -0.0626
vn -0.5538 0.6287 0.5459
vn 0.4603 0.4520 0.7641
vn -0.9972 -0.0748 -0.0046
vn 0.5529 0.5869 0.5915
vn -0.2200 0.3603 0.9065
vn 0.5268 0.4411 0.7266
vn -0.1429 0.3256 0.9347
vn -0.2346 0.4005 0.8857
vn -0.1919 0.7429 0.6413
vn -0.7794 -0.5092 -0.3650
vn 0.2952 0.1947 0.9354
vn -0.7671 0.3127 0.5602
vn -0.9417 0.1244 0.3125
vn 0.1906 0.5727 0.7973
vn 0.5630 0.5771 0.5916
vn -0.4747 0.4653 0.7471
vn 0.1537 0.5804 0.7997
vn -0.9237 -0.0873 0.3730
vn 0.5144 0.5648 0.6453
vn 0.3075 0.4279 0.8499
vn -0.9944 -0.0987 0.0374
vn -0.9797 -0.1968 0.0376
vn 0.3315 0.5909 0.7355
vn -0.9774 -0.1400 0.1581
vn 0.5444 0.5751 0.6106
vn -0.9501 -0.2797 -0.1378
vn -0.9190 -0.3446 -0.1915
vn -0.9926 -0.1209 -0.0052
vn 0.0696 0.6722 0.7371
vn -0.8769 -0.4756 0.0695
vn -0.8804 0.3125 0.3566
vn 0.2263 -0.8673 -0.4433
vn 0.5097 -0.7456 -0.4294
vn -0.8905 0.3219 0.3216
vn -0.0085 0.7878 0.6159
vn 0.3314 -0.8270 -0.4542
vn -0.7033 -0.6154 -0.3559
vn -0.5891 -0.7465 -0.3092
vn -0.9647 -0.1044 0.2417
vn -0.6791 -0.6851 -0.2636
vn -0.9662 -0.1357 0.2192
vn 0.0546 -0.9216 -0.3842
vn -0.0705 -0.8742 -0.4804
vn -0.4427 -0.8690 -0.2210
vn 0.2357 -0.9623 -0.1357
vn -0.8835 -0.3811 0.2725
vn 0.3537 -0.8864 -0.2985
vn 0.9641 -0.2514 -0.0861
vn 0.4192 -0.8273 -0.3740
vn -0.6284 -0.7052 0.3284
vn 0.6565 -0.7510 -0.0713
vn 0.5340 0.5415 0.6493
vn -0.7977 -0.5742 0.1843
vn 0.7342 -0.5714 -0.3667
vn 0.9695 0.0677 0.2356
vn 0.9957 -0.0088 0.0917
vn 0.7278 0.4378 0.5278
vn 0.5137 -0.8450 0.1486
vn 0.9505 -0.2552 -0.1775
vn 0.6855 -0.0582 0.7257
vn 0.9716 -0.1528 0.1805
vn 0.9754 -0.1904 -0.1107
vn 0.1167 0.7618 0.6372
vn 0.7074 -0.3021 0.6390
vn 0.7708 -0.5486 -0.3239
vn 0.3273 -0.9344 -0.1405
vn 0.5031 0.5710 0.6488
vn 0.0073 -0.2850 0.9585
vn -0.3702 0.7407 0.5606
vn 0.9942 0.0433 0.0980
vn 0.1647 0.7720 0.6139
vn 0.2863 0.5709 0.7695
vn 0.2788 0.5184 0.8084
vn 0.8042 0.5654 -0.1833
vn 0.8499 0.5110 0.1287
vn 0.9227 -0.2905 -0.2535
vn 0.8463 0.4720 -0.2470
vn -0.0619 0.8701 0.4890
vn 1.0000 0.0057 0.0015
vn 0.0210 0.9507 0.3093
vn 0.8912 -0.3902 -0.2313
vn 0.9109 -0.3233 -0.2565
vn 0.3033 -0.7690 -0.5627
vn 0.9742 0.2119 -0.0778
vn 0.4373 -0.7063 -0.5567
vn 0.4860 -0.7503 -0.4481
vn 0.2475 -0.6732 -0.6969
vn -0.5871 -0.5514 -0.5928
vn -0.7187 -0.5090 -0.4737
vn -0.6798 -0.3923 -0.6196
vn -0.7202 -0.4114 -0.5586
vn 0.1878 -0.5026 -0.8439
vn -0.0162 -0.6779 -0.7350
vn 0.1253 -0.3298 -0.9357
vn -0.6604 -0.4601 -0.5935
vn -0.7223 -0.3131 -0.6167
vn -0.9228 -0.3763 0.0826
vn -0.4270 -0.2654 -0.8645
vn -0.5339 -0.4435 -0.7200
vn -0.6052 -0.3585 -0.7108
vn -0.2437 -0.3847 -0.8903
vn -0.7029 -0.6988 -0.1325
vn -0.9346 -0.3350 -0.1198
vn -0.9363 -0.3426 0.0772
vn -0.7125 -0.6717 0.2030
vn -0.1298 -0.2140 0.9682
vn -0.9012 -0.3108 -0.3021
vn -0.4002 -0.6395 -0.6564
vn -0.9328 -0.3538 0.0680
vn -0.8563 -0.5165 -0.0028
vn -0.8787 -0.4749 0.0491
vn -0.8963 -0.4430 0.0221
vn -0.8651 -0.4502 0.2210
vn -0.0630 -0.3514 0.9341
vn -0.3767 -0.4909 0.7855
vn -0.7123 -0.6729 0.1995
vn -0.8918 -0.4510 0.0352
vn -0.1736 -0.5430 0.8216
vn -0.5872 -0.1577 0.7939
vn -0.0623 -0.4120 0.9091
vn -0.5102 -0.4293 0.7453
vn -0.0749 -0.2838 0.9560
vn -0.0748 -0.3838 0.9204
vn -0.3799 -0.5242 0.7621
vn 0.4144 -0.5594 0.7179
vn -0.1306 -0.5517 0.8237
vn -0.0754 -0.3114 0.9473
vn -0.3013 -0.3250 0.8965
vn -0.2317 -0.4810 0.8455
vn 0.1801 -0.5383 0.8233
vn -0.2790 -0.5331 0.7987
vn -0.3468 -0.6424 0.6834
vn -0.2641 -0.4666 0.8441
vn 0.1825 -0.5654 0.8044
vn 0.4825 -0.5883 0.6490
vn 0.4523 -0.5758 0.6811
vn 0.7030 -0.6511 0.2861
vn 0.4250 -0.5596 0.7115
vn 0.4172 -0.6901 0.5914
vn 0.6406 -0.6238 -0.4478
vn 0.5404 0.6374 -0.5492
vn 0.4436 -0.5930 0.6720
vn 0.7452 -0.6667 -0.0096
vn 0.8718 -0.4364 -0.2225
vn 0.9377 -0.3465 0.0278
vn 0.8523 -0.5211 -0.0452
vn 0.4137 -0.8252 -0.3845
vn 0.8948 -0.2525 -0.3683
vn 0.7703 -0.3039 -0.5606
vn 0.2340 0.7057 -0.6688
vn 0.5005 0.5338 -0.6816
vn 0.4083 0.7262 -0.5531
vn -0.0222 0.7475 -0.6639
vn 0.9335 -0.3042 -0.1900
vn 0.5920 0.3675 -0.7172
vn 0.3989 0.6588 -0.6379
vn 0.5073 0.3548 -0.7853
vn 0.3655 0.7144 -0.5967
vn 0.5192 0.4308 -0.7381
vn 0.3983 0.6860 -0.6088
vn -0.0166 0.9742 -0.2251
vn -0.1056 0.9885 -0.1080
vn 0.3728 0.7719 -0.5149
vn 0.8321 0.0066 -0.5546
vn -0.0231 0.9887 -0.1480
vn 0.1473 0.9807 -0.1283
vn 0.0349 0.9946 -0.0977
vn 0.1509 0.9885 0.0035
vn 0.1483 0.9869 -0.0634
vn -0.6687 0.6844 0.2907
vn -0.4346 0.8199 0.3727
vn 0.1583 0.9837 -0.0855
vn -0.3151 0.9425 0.1109
vn -0.7682 0.5650 0.3012
vn -0.3808 0.9247 0.0011
vn -0.6376 0.7235 0.2646
vn -0.7958 0.0529 0.6033
vn -0.8177 0.3619 0.4475
vn -0.9173 -0.3202 0.2366
vn -0.8237 0.4563 0.3367
vn -0.6986 0.3118 0.6440
vn -0.5212 0.6979 0.4912
vn -0.8957 0.1571 0.4160
vn -0.8487 0.3681 0.3798
vn -0.3271 0.8813 0.3411
vn -0.3948 0.7690 0.5028
vn -0.8129 -0.5366 0.2265
vn -0.2296 0.8858 0.4032
vn -0.5909 -0.8011 -0.0956
vn -0.9647 0.1630 0.2070
vn -0.4015 -0.9145 -0.0504
vn -0.7652 0.5814 0.2766
vn -0.5512 0.8168 0.1702
vn -0.9125 -0.1748 0.3698
vn -0.9356 -0.3530 -0.0029
vn 0.0577 0.9691 0.2397
vn -0.1459 0.9533 0.2643
vn 0.2916 -0.8094 0.5098
vn -0.5372 0.8390 -0.0869
vn 0.1955 0.9588 0.2061
vn 0.0741 0.9925 0.0973
vn -0.9185 -0.3296 0.2183
vn -0.1793 0.9743 0.1363
vn -0.9944 0.0854 0.0625
vn -0.8590 0.4564 0.2319
vn -0.8435 -0.5371 -0.0079
vn -0.6207 -0.7831 0.0383
vn 0.1062 -0.5744 0.8117
vn -0.6217 -0.7411 0.2536
vn -0.5804 0.6598 0.4772
vn 0.4351 -0.6395 0.6339
vn 0.2506 -0.7777 0.5765
vn 0.1812 0.3484 0.9197
vn -0.3420 0.9396 0.0083
vn 0.0400 -0.7533 0.6565
vn 0.5294 -0.1363 0.8374
vn 0.4343 -0.5198 0.7357
vn -0.6671 0.6309 -0.3962
vn 0.3037 -0.8728 0.3821
vn -0.2781 0.9403 -0.1960
vn -0.6971 0.6133 0.3714
vn -0.2805 0.9166 0.2849
vn -0.3158 0.7404 0.5934
vn -0.0276 0.9335 -0.3574
vn -0.1094 0.8298 0.5472
vn 0.0762 -0.3981 0.9142
vn -0.1165 0.8669 0.4846
vn 0.1808 -0.9834 -0.0184
vn -0.1565 0.9581 0.2401
vn 0.1483 0.8461 0.5120
vn 0.0126 0.7926 0.6096
vn 0.1470 0.7787 0.6099
vn 0.0908 0.8178 0.5683
vn 0.9850 0.1678 -0.0392
vn 0.1415 0.8081 0.5717
vn 0.3108 0.7862 0.5341
vn 0.2138 0.7639 0.6088
vn 0.1555 0.7886 0.5949
vn 0.7267 0.6325 0.2681
vn 0.7524 0.5930 0.2867
vn 0.9512 -0.1927 -0.2410
vn 0.8635 -0.3329 -0.3789
vn 0.8083 -0.4671 -0.3584
vn 0.8500 -0.3545 -0.3897
vn 0.8516 -0.3663 0.3749
vn 0.9624 0.1511 -0.2255
vn 0.9717 -0.1199 -0.2035
vn 0.2725 -0.9492 -0.1571
vn 0.9523 -0.2401 -0.1883
vn 0.6469 -0.5300 -0.5482
vn 0.2253 -0.9695 -0.0961
vn 0.4489 -0.8712 -0.1985
vn 0.3405 -0.9074 -0.2465
vn 0.1064 -0.9850 0.1362
vn 0.4640 -0.8846 0.0465
vn 0.2974 -0.8896 -0.3465
vn 0.1548 -0.9869 -0.0458
vn 0.3711 -0.9180 0.1402
vn -0.0949 -0.9270 0.3629
vn 0.2876 -0.9555 -0.0658
vn 0.3797 -0.8522 0.3600
vn 0.2720 -0.9583 0.0876
vn 0.4957 -0.8663 -0.0623
vn 0.2588 -0.9501 0.1742
vn 0.4184 -0.9043 -0.0847
vn 0.2459 -0.9465 0.2089
vn 0.7355 -0.6728 0.0798
vn 0.2680 -0.9622 -0.0486
vn 0.4023 -0.8901 0.2141
vn -0.9931 0.0677 0.0960
vn -0.9615 -0.1962 0.1924
vn 0.3515 -0.9361 0.0105
vn 0.5049 -0.7892 0.3496
vn -0.9553 -0.2765 0.1048
vn 0.7268 -0.6867 0.0152
vn 0.4369 -0.8632 0.2530
vn 0.5376 -0.8357 0.1123
vn -0.2305 -0.9197 0.3178
vn -1.0000 0.0004 0.0033
vn -0.9993 -0.0366 -0.0032
vn -0.9946 -0.0970 0.0358
vn -0.7894 0.5831 -0.1919
vn -0.7979 0.5245 -0.2971
vn 0.3312 0.5752 -0.7480
vn -0.3275 0.6548 -0.6811
vn 0.3842 0.5252 -0.7593
vn -0.9959 0.0900 0.0068
vn -0.8172 0.3859 -0.4282
vn -0.8391 0.3457 -0.4199
vn 0.3617 0.5495 -0.7531
vn -0.1237 0.5346 -0.8360
vn -0.4799 0.4708 -0.7403
vn 0.3871 0.4420 -0.8092
vn 0.4078 0.4999 -0.7640
vn 0.2905 0.5445 -0.7868
vn 0.3308 0.4793 -0.8129
vn 0.2859 0.6066 -0.7418
vn 0.1005 0.4029 -0.9097
vn -0.0108 0.5140 -0.8577
vn 0.2287 0.3407 -0.9119
vn 0.7572 -0.0098 0.6531
vn 0.3427 0.5027 -0.7936
vn 0.4035 0.4971 -0.7682
vn 0.4026 0.4927 -0.7715
vn 0.2646 0.5108 -0.8180
vn 0.1451 0.5208 -0.8412
vn 0.0419 0.4316 -0.9011
vn 0.0055 0.4713 -0.8820
vn -0.1534 0.4431 -0.8832
vn -0.0049 0.4210 -0.9070
vn 0.9533 0.1709 -0.2489
vn -0.1024 0.4461 -0.8891
vn 0.7135 0.2823 -0.6413
vn 0.7734 0.6264 0.0968
vn 0.9648 0.2307 -0.1260
vn 0.8806 0.4606 0.1118
vn 0.9818 0.1416 -0.1267
vn 0.8689 0.1302 0.4776
vn 0.5222 0.6335 0.5710
vn 0.5124 0.3497 0.7843
vn 0.6286 0.1117 0.7697
vn 0.6117 -0.2143 0.7615
vn -0.7351 -0.6732 0.0804
vn 0.7663 0.2181 0.6043
vn 0.6924 0.1631 0.7029
vn 0.0133 0.1276 0.9917
vn 0.5718 0.2945 0.7657
vn -0.9900 -0.0138 0.1402
vn 0.0763 0.1064 0.9914
vn -0.3902 -0.4220 0.8183
vn -0.0149 0.0289 0.9995
vn -0.9934 -0.1147 0.0045
vn -0.9021 -0.2681 0.3381
vn -0.9292 -0.3081 -0.2042
vn -0.5826 -0.6758 -0.4515
vn 0.5068 -0.7365 -0.4480
vn 0.9406 -0.2508 -0.2289
vn 0.9808 -0.1126 -0.1590
vn 0.5985 -0.7275 -0.3355
vn 0.6383 -0.5819 -0.5040
vn 0.7547 -0.5401 -0.3725
vn 0.9438 -0.1361 -0.3013
vn 0.7675 0.2209 0.6017
vn 0.5355 0.6512 0.5377
vn 0.4364 0.7252 0.5326
vn 0.4042 0.6836 0.6077
vn 0.7792 -0.5314 -0.3323
vn -0.1290 -0.5839 -0.8015
vn 0.2518 0.6420 0.7241
vn 0.1992 -0.8290 -0.5226
vn 0.3641 -0.7758 -0.5153
vn 0.4502 -0.7427 -0.4958
vn -0.4707 -0.7064 -0.5286
vn -0.5920 -0.3830 -0.7091
vn -0.7576 -0.4079 -0.5096
vn -0.5236 -0.2726 -0.8072
vn -0.6479 -0.4644 -0.6038
vn -0.9350 -0.3541 0.0200
vn -0.0929 0.0628 0.9937
vn -0.4330 -0.4202 0.7975
vn 0.9653 -0.0313 -0.2594
vn -0.2590 -0.5188 0.8147
vn 0.3226 -0.4095 0.8534
vn 0.6767 -0.5590 0.4792
vn 0.7173 -0.6451 -0.2635
vn 0.6604 -0.5043 0.5563
vn 0.8091 -0.5866 -0.0357
vn -0.0064 0.9544 -0.2983
vn 0.5392 0.6155 -0.5748
vn 0.4254 0.6810 -0.5960
vn -0.5696 0.8111 0.1327
vn 0.3199 0.8248 -0.4663
vn 0.2745 0.7922 -0.5450
vn -0.3433 0.9384 0.0390
vn -0.7894 0.2054 0.5785
vn -0.6870 -0.7267 -0.0062
vn -0.9087 -0.1038 0.4043
vn -0.9486 -0.0101 0.3162
vn -0.6791 -0.7245 0.1181
vn -0.5423 0.6255 0.5609
vn 0.3005 -0.5342 0.7901
vn -0.7395 -0.6436 0.1972
vn -0.0857 0.9937 0.0716
vn -0.0941 0.9784 0.1841
vn -0.8237 -0.5600 -0.0894
vn -0.9951 -0.0982 -0.0148
vn -0.6879 -0.7129 -0.1364
vn 0.4146 -0.1892 0.8901
vn 0.2896 -0.5770 0.7637
vn -0.3550 -0.8553 0.3775
vn -0.4687 -0.8342 0.2905
vn 0.0776 -0.8120 0.5785
vn 0.4764 -0.5435 0.6912
vn 0.1411 -0.7616 0.6325
vn -0.0676 -0.9973 0.0276
vn 0.3870 0.7580 0.5251
vn 0.3120 -0.7853 0.5347
vn 0.2350 0.5878 0.7741
vn -0.8077 -0.5808 -0.1013
vn -0.6339 -0.7534 -0.1748
vn 0.5448 0.7487 0.3778
vn -0.5549 -0.7593 -0.3398
vn 0.3904 0.8618 0.3240
vn 0.6453 -0.5524 -0.5277
vn 0.3719 -0.4095 0.8330
vn 0.7104 -0.2281 -0.6658
vn 0.3610 -0.6491 -0.6696
vn -0.5274 -0.8272 -0.1938
vn -0.7184 -0.6635 -0.2090
vn -0.4915 -0.8681 0.0696
vn -0.5908 -0.7428 -0.3151
vn -0.3770 0.7952 0.4749
vn -0.6827 -0.7263 -0.0797
vn -0.1583 -0.8742 -0.4590
vn -0.2722 -0.9527 -0.1352
vn -0.7655 -0.6434 -0.0074
vn 0.7407 -0.3042 -0.5990
vn -0.9215 -0.1884 0.3396
vn -0.5790 -0.8149 -0.0266
vn -0.8737 -0.4318 0.2240
vn -0.9112 -0.1805 0.3704
vn -0.6689 0.5107 0.5401
vn 0.1482 -0.2945 -0.9441
vn -0.9509 -0.0231 0.3086
vn -0.8658 -0.4582 0.2010
vn -0.5825 -0.8118 0.0411
vn -0.9000 -0.1553 0.4073
vn -0.3668 0.6163 0.6969
vn -0.6405 -0.7626 -0.0906
vn -0.5816 -0.8026 -0.1323
vn -0.8764 0.1002 0.4711
vn -0.7968 0.3092 0.5192
vn -0.5272 -0.8496 -0.0141
vn -0.8489 0.2373 0.4723
vn -0.4867 0.7150 0.5019
vn -0.4298 0.8947 0.1215
vn -0.3108 0.9493 -0.0479
vn -0.7497 0.5718 0.3331
vn -0.8116 0.4503 0.3722
vn -0.3830 0.9120 -0.1470
vn -0.4144 0.9052 -0.0946
vn -0.1494 0.9703 -0.1900
vn -0.2387 0.9366 -0.2564
vn -0.3046 0.9312 -0.2000
vn 0.0458 0.9197 -0.3900
vn -0.1374 0.9794 -0.1478
vn -0.8084 0.3915 0.4396
vn -0.0315 0.8777 -0.4782
vn -0.2061 0.9297 -0.3053
vn -0.2975 0.8518 -0.4312
vn -0.0979 0.7839 -0.6131
vn -0.0622 0.7921 -0.6072
vn 0.3664 0.6476 -0.6681
vn 0.8895 -0.2823 -0.3592
vn 0.1401 0.7827 -0.6064
vn 0.1178 0.6511 -0.7498
vn 0.0798 0.6980 -0.7116
vn -0.1115 0.7049 -0.7004
vn -0.1027 0.6427 -0.7592
vn 0.1586 0.7029 -0.6933
vn 0.4957 -0.0567 -0.8667
vn -0.1299 0.7293 -0.6718
vn 0.4800 0.5248 -0.7030
vn 0.7660 -0.0461 -0.6412
vn 0.9065 -0.2392 -0.3480
vn 0.9038 -0.4273 -0.0233
vn 0.8252 -0.1145 -0.5532
vn 0.9753 -0.1627 0.1493
vn 0.9648 0.0158 -0.2625
vn 0.4983 -0.4202 0.7584
vn 0.9683 -0.2347 0.0859
vn 0.6839 -0.4297 0.5895
vn -0.3773 -0.4895 0.7861
vn 0.9313 -0.3643 -0.0031
vn 0.4637 -0.4415 0.7682
vn 0.9717 -0.1916 0.1379
vn 0.4570 -0.5374 0.7088
vn 0.2256 -0.4934 0.8400
vn 0.5238 -0.3638 0.7702
vn -0.3262 -0.4555 0.8283
vn -0.0138 -0.0421 0.9990
vn -0.8495 -0.4291 0.3070
vn -0.2910 -0.4696 0.8335
vn -0.1259 -0.2243 0.9663
vn -0.0760 -0.0441 0.9961
vn -0.2921 -0.4095 0.8643
vn -0.5941 -0.1745 0.7852
vn -0.8977 -0.3502 0.2675
vn -0.0221 -0.2216 0.9749
vn -0.3087 -0.2706 0.9119
vn -0.0496 -0.1976 0.9790
vn -0.9058 -0.3348 0.2597
vn -0.6420 -0.7601 0.1009
vn -0.5452 -0.2784 0.7907
vn -0.9218 -0.3799 0.0773
vn -0.6053 -0.7179 0.3439
vn -0.8771 -0.4710 0.0946
vn -0.7461 -0.4481 -0.4925
vn -0.7600 -0.4389 -0.4793
vn -0.7251 -0.6836 0.0835
vn -0.8387 -0.3975 -0.3721
vn -0.7156 -0.6957 -0.0615
vn -0.7549 -0.4720 -0.4553
vn -0.6669 -0.4369 -0.6036
vn -0.6843 -0.4878 -0.5421
vn -0.6899 -0.5074 -0.5164
vn 0.4161 -0.7638 -0.4935
vn -0.9317 -0.3279 -0.1562
vn -0.6424 -0.4675 -0.6072
vn 0.4676 -0.7500 -0.4679
vn -0.4314 -0.7357 -0.5222
vn 0.1479 -0.8049 -0.5747
vn -0.6699 -0.5824 -0.4605
vn -0.5219 -0.6342 -0.5704
vn 0.1768 -0.8209 -0.5430
vn 0.8295 -0.4166 -0.3720
vn 0.6334 -0.6574 -0.4082
vn 0.8334 -0.4394 -0.3352
vn 0.8149 -0.4946 -0.3021
vn 0.9324 -0.3545 -0.0707
vn 0.9237 -0.2881 -0.2524
vn 0.3113 0.4616 0.8307
vn 0.4964 -0.7398 -0.4541
vn 0.5936 0.6021 0.5340
vn 0.9140 -0.2623 -0.3094
vn 0.5410 -0.7261 -0.4244
vn 0.5921 -0.7013 -0.3970
vn 0.9335 -0.2294 -0.2756
vn -0.9698 -0.2417 0.0337
vn -0.9745 -0.2141 0.0679
vn -0.7903 -0.4354 -0.4311
vn -0.7121 -0.6888 0.1358
vn -0.0739 0.0367 0.9966
vn -0.8736 -0.4800 0.0798
vn -0.6873 -0.7068 0.1672
vn 0.5058 -0.3335 0.7956
vn 0.0092 -0.1771 0.9841
vn 0.5688 -0.2878 0.7705
vn 0.9811 0.1599 -0.1088
vn 0.2599 -0.4467 0.8561
vn 0.9512 0.2128 -0.2235
vn 0.5191 -0.4768 0.7093
vn 0.8698 0.0760 -0.4876
vn 0.6908 -0.4359 0.5769
vn -0.2429 0.5137 -0.8229
vn 0.1151 0.7714 -0.6259
vn -0.0194 0.8765 -0.4810
vn 0.0144 0.7114 -0.7027
vn -0.0704 0.7190 -0.6914
vn 0.0536 0.8330 -0.5507
vn -0.6322 0.7068 0.3175
vn 0.0755 0.9183 -0.3886
vn -0.1036 0.7395 -0.6651
vn -0.2902 0.8963 -0.3352
vn -0.0310 0.8620 -0.5060
vn -0.5798 0.6902 0.4330
vn -0.7853 0.4774 0.3942
vn 0.2973 -0.6895 -0.6605
vn -0.2110 0.8269 0.5212
vn -0.5231 -0.8518 0.0266
vn -0.8544 0.3625 0.3724
vn -0.8711 0.1541 0.4664
vn -0.5673 -0.1593 0.8079
vn -0.2511 -0.9678 -0.0142
vn -0.5785 -0.8030 -0.1430
vn -0.2507 -0.7234 -0.6433
vn -0.4952 -0.8615 -0.1119
vn -0.6304 -0.7367 -0.2447
vn -0.5956 -0.8033 0.0078
vn -0.7975 -0.5787 -0.1703
vn -0.6599 -0.7425 -0.1151
vn -0.5700 -0.7946 -0.2092
vn 0.8073 -0.3483 -0.4764
vn -0.7919 -0.5828 -0.1823
vn 0.3707 -0.8885 0.2705
vn -0.3740 -0.9161 -0.1445
vn 0.7184 -0.5243 -0.4571
vn 0.3796 -0.6133 0.6926
vn 0.2875 -0.9161 -0.2795
vn 0.5359 -0.8438 -0.0281
vn 0.8144 0.0135 0.5802
vn -0.0651 -0.5532 0.8305
vn 0.2461 -0.0313 0.9687
vn 0.2684 -0.9571 -0.1089
vn 0.4261 -0.3399 0.8384
vn -0.4016 0.8702 -0.2854
vn -0.0768 0.9766 0.2011
vn -0.2374 -0.2327 0.9431
vn 0.0841 0.6543 0.7515
vn -0.1574 -0.0941 0.9830
vn 0.7556 -0.4660 -0.4604
vn 0.2341 -0.2046 0.9504
vn 0.4657 -0.1255 0.8760
vn 0.0787 0.1241 0.9891
vn 0.1783 0.8433 0.5070
vn 0.0740 0.3463 0.9352
vn -0.0060 0.8540 0.5202
vn 0.2372 0.7805 0.5783
vn 0.9100 -0.1055 -0.4009
vn 0.1327 -0.7649 -0.6304
vn 0.9751 -0.1013 -0.1972
vn 0.5021 0.7629 0.4074
vn -0.0767 -0.7782 -0.6234
vn 0.9993 -0.0178 -0.0329
vn 0.1081 -0.9868 -0.1203
vn 0.0119 -0.9997 0.0200
vn -0.0078 -0.9904 -0.1381
vn 0.3833 -0.9233 -0.0239
vn 0.0057 -0.9999 -0.0091
vn 0.4159 -0.7061 -0.5731
vn 0.1102 -0.9934 0.0312
vn -0.0016 -0.9976 0.0691
vn 0.1406 -0.9898 0.0233
vn 0.5207 -0.8146 -0.2555
vn 0.2640 -0.9395 -0.2181
vn 0.5316 -0.8097 -0.2485
vn 0.5014 -0.8489 -0.1673
vn 0.4903 -0.7918 -0.3642
vn 0.3067 -0.9335 -0.1859
vn 0.3339 -0.9340 -0.1268
vn -0.1039 -0.9386 0.3290
vn -0.9858 0.1633 0.0390
vn 0.2461 0.5138 -0.8219
vn 0.2912 0.5139 -0.8069
vn -0.0570 0.5736 -0.8171
vn 0.1976 0.5479 -0.8129
vn 0.0689 0.5027 -0.8617
vn 0.3379 0.5111 -0.7903
vn 0.0440 0.4703 -0.8814
vn 0.4560 0.5243 -0.7191
vn 0.6102 0.3786 -0.6959
vn 0.9933 0.1153 -0.0005
vn 0.6914 -0.0466 0.7210
vn 0.3643 0.4553 -0.8124
vn 0.7501 0.1331 0.6477
vn 0.6773 0.1108 0.7273
vn 0.6052 -0.0359 0.7953
vn 0.8152 0.2173 0.5369
vn 0.2633 -0.5769 -0.7732
vn 0.5305 0.1059 0.8410
vn -0.0238 -0.9472 -0.3199
vn 0.6984 0.0910 0.7099
vn 0.6079 0.0476 0.7926
vn 0.7760 0.1113 0.6208
vn 0.1275 0.0939 0.9874
vn 0.0815 0.0783 0.9936
vn -0.0659 0.1349 0.9887
vn -0.1979 0.0175 0.9801
vn -0.7155 -0.5865 0.3796
vn -0.9175 -0.0962 0.3859
vn -0.1302 -0.0973 0.9867
vn -0.9884 -0.1495 -0.0251
vn -0.9720 -0.2115 0.1020
vn -0.9855 -0.1050 0.1331
vn -0.9169 -0.3229 -0.2346
vn -0.9902 -0.1245 -0.0626
vn -0.9837 -0.1737 0.0473
vn -0.9790 -0.2037 0.0096
vn -0.7404 -0.5484 -0.3887
vn -0.8162 -0.4798 -0.3219
vn 0.5973 -0.6758 -0.4319
vn -0.2304 -0.8189 -0.5257
vn 0.2179 -0.8612 -0.4591
vn 0.7734 -0.5702 -0.2769
vn 0.6315 -0.6739 -0.3835
vn 0.5152 -0.7366 -0.4382
vn -0.3590 -0.7786 -0.5148
vn -0.6123 -0.6389 -0.4657
vn -0.8444 -0.4006 -0.3556
vn -0.7076 -0.5650 -0.4243
vn -0.8259 -0.4078 -0.3895
vn -0.9374 -0.3323 0.1047
vn -0.9136 -0.3942 -0.0998
vn -0.7275 -0.6721 0.1379
vn -0.9344 -0.3422 0.0987
vn -0.5536 -0.1905 0.8107
vn -0.0371 -0.2945 0.9549
vn -0.1355 0.0539 0.9893
vn -0.1889 0.0509 0.9807
vn -0.0189 0.0883 0.9959
vn -0.1266 -0.0938 0.9875
vn -0.5320 -0.3090 0.7884
vn -0.1086 -0.1342 0.9850
vn -0.0387 0.1221 0.9918
vn 0.4300 -0.1501 0.8902
vn 0.7731 -0.2554 0.5806
vn -0.2437 -0.2744 0.9302
vn 0.5029 -0.1784 0.8457
vn -0.2429 -0.3429 0.9074
vn -0.1321 -0.2936 0.9468
vn 0.3938 -0.3762 0.8387
vn -0.0970 -0.2788 0.9554
vn 0.5469 -0.4395 0.7126
vn 0.4218 -0.1708 0.8904
vn 0.6880 -0.4438 0.5741
vn 0.9813 0.0822 0.1740
vn 0.7300 -0.3983 0.5554
vn 0.9903 0.0654 -0.1228
vn 0.9747 -0.1002 0.1998
vn -0.1490 0.5795 -0.8012
vn 0.9726 0.0483 -0.2275
vn 0.9653 0.0320 -0.2592
vn 0.9717 -0.1753 0.1584
vn 0.8654 0.1897 -0.4639
vn -0.2159 0.4641 -0.8591
vn 0.0279 0.6466 -0.7623
vn 0.8429 -0.1130 -0.5261
vn 0.3307 0.3574 -0.8734
vn 0.1892 0.3755 -0.9073
vn -0.1925 0.5991 -0.7772
vn -0.1461 0.6677 -0.7300
vn -0.1691 0.6250 -0.7621
vn -0.0500 0.7309 -0.6806
vn -0.2241 0.6051 -0.7639
vn -0.1330 0.6416 -0.7554
vn -0.0061 0.6934 -0.7206
vn -0.1569 0.6841 -0.7123
vn -0.2510 0.8150 -0.5222
vn -0.1293 0.5686 -0.8124
vn 0.3903 0.6891 -0.6105
vn -0.1640 0.7238 -0.6703
vn -0.1578 0.6861 -0.7102
vn -0.2081 0.6681 -0.7144
vn -0.5225 0.8037 0.2846
vn -0.6219 0.6980 0.3549
vn -0.0567 0.9749 -0.2154
vn -0.2182 0.9756 0.0264
vn -0.7203 0.6331 0.2834
vn -0.1639 0.9846 -0.0614
vn -0.5875 0.7269 0.3557
vn -0.7573 0.5724 0.3146
vn -0.5719 -0.8009 0.1774
vn -0.5240 0.7051 0.4778
vn -0.5532 0.7071 0.4404
vn -0.3171 0.8761 0.3632
vn 0.0408 -0.9787 -0.2014
vn -0.4444 -0.7253 0.5259
vn -0.3283 0.7096 0.6234
vn -0.4531 0.8240 0.3402
vn -0.6874 -0.1911 0.7007
vn -0.8032 -0.5645 0.1905
vn -0.8667 -0.4629 0.1861
vn -0.6572 -0.6500 0.3815
vn -0.9630 -0.1554 0.2202
vn -0.8010 -0.5714 0.1784
vn 0.2037 -0.7757 -0.5973
vn -0.0885 -0.9401 -0.3293
vn -0.1698 -0.9748 -0.1447
vn -0.4287 -0.9029 -0.0307
vn -0.3606 -0.9087 -0.2104
vn 0.6713 -0.1797 -0.7190
vn -0.0678 -0.9064 -0.4169
vn 0.3358 -0.3417 -0.8778
vn -0.1935 -0.4943 -0.8475
vn 0.3610 -0.8765 0.3184
vn 0.7726 -0.2186 -0.5961
vn 0.2436 -0.9245 -0.2931
vn 0.3382 -0.6093 -0.7172
vn 0.5132 -0.4538 -0.7285
vn 0.6837 -0.5973 -0.4191
vn 0.2615 -0.9591 -0.1085
vn 0.6432 0.2753 0.7145
vn 0.6050 -0.7960 0.0177
vn 0.3060 -0.6061 0.7342
vn 0.5136 -0.8292 0.2205
vn 0.7359 0.0106 -0.6770
vn -0.3115 0.8246 0.4722
vn 0.1164 0.6778 0.7260
vn 0.5566 -0.2643 0.7876
vn 0.4242 -0.1342 0.8956
vn 0.0976 -0.9325 -0.3478
vn 0.1787 0.8354 0.5198
vn 0.9988 0.0466 -0.0117
vn 0.2518 -0.6043 -0.7559
vn 0.9982 0.0461 -0.0381
vn 0.9856 0.0643 -0.1567
vn 0.9019 -0.1703 -0.3969
vn 0.7677 0.5739 0.2851
vn 0.9706 0.2357 -0.0487
vn 0.1978 -0.7362 -0.6472
vn 0.8539 -0.0111 -0.5203
vn 0.5118 -0.6597 -0.5503
vn 0.0430 -0.8594 -0.5095
vn 0.1129 -0.8168 -0.5658
vn 0.6170 -0.3400 -0.7097
vn 0.0970 -0.8558 -0.5082
vn 0.3699 -0.6884 -0.6240
vn -0.0147 -0.9600 -0.2797
vn 0.0424 -0.8479 -0.5284
vn 0.3694 -0.8179 -0.4410
vn 0.4631 -0.3985 -0.7917
vn 0.4561 -0.7968 -0.3962
vn 0.4015 -0.7763 -0.4859
vn 0.2879 -0.9362 -0.2015
vn -0.3768 -0.8878 0.2645
vn 0.5161 -0.7894 -0.3324
vn 0.5259 -0.7173 -0.4570
vn 0.5382 -0.7872 -0.3010
vn 0.4873 -0.7630 -0.4246
vn 0.5363 -0.7608 -0.3655
vn 0.4763 -0.8134 -0.3340
vn -0.3065 -0.9208 0.2413
vn 0.4009 -0.8991 -0.1759
vn -0.7909 -0.3022 0.5321
vn 0.4368 -0.8812 -0.1807
vn 0.3265 -0.9067 -0.2668
vn 0.4012 -0.9145 -0.0514
vn -0.1318 -0.9848 0.1135
vn -0.9626 0.2017 0.1806
vn -0.9281 0.3408 0.1500
vn -0.8368 0.4978 0.2282
vn -0.9151 0.3184 0.2474
vn -0.8251 0.5392 0.1689
vn 0.0751 0.7950 -0.6019
vn -0.8281 0.5267 0.1920
vn -0.8802 0.4481 0.1562
vn 0.2792 0.6787 -0.6793
vn -0.5029 0.7682 -0.3962
vn -0.7925 0.5993 -0.1132
vn 0.3017 0.6312 -0.7146
vn 0.0732 0.7390 -0.6697
vn 0.0552 0.6891 -0.7225
vn 0.2731 0.5799 -0.7675
vn 0.2807 0.5665 -0.7747
vn 0.2661 0.5820 -0.7684
vn 0.1875 0.5253 -0.8300
vn 0.3807 0.5234 -0.7623
vn 0.0265 0.5181 -0.8549
vn 0.2584 0.4984 -0.8275
vn 0.2701 0.5215 -0.8094
vn 0.3626 0.5449 -0.7560
vn 0.2024 0.5334 -0.8213
vn 0.0873 0.4610 -0.8831
vn 0.2698 0.5438 -0.7947
vn 0.0804 0.3837 -0.9199
vn 0.0141 0.5030 -0.8642
vn -0.0825 0.4614 -0.8834
vn 0.9680 0.1162 -0.2223
vn 0.8101 0.2238 0.5418
vn 0.3527 0.4637 -0.8128
vn 0.9972 0.0625 -0.0411
vn 0.9907 0.0506 0.1263
vn 0.9906 0.0715 0.1165
vn 0.8470 -0.0346 0.5304
vn 0.4780 0.0259 0.8780
vn 0.4360 -0.1063 0.8936
vn 0.2110 -0.8744 -0.4370
vn -0.0084 0.0591 0.9982
vn -0.0304 -0.1551 0.9874
vn 0.0232 -0.0535 0.9983
vn -0.0532 0.1153 0.9919
vn 0.1038 0.0233 0.9943
vn 0.5611 -0.3516 0.7493
vn 0.2431 0.2704 -0.9315
vn -0.1457 0.5514 -0.8214
vn -0.0274 0.7262 -0.6870
vn -0.0883 0.9860 -0.1416
vn -0.1601 0.5929 -0.7892
vn -0.2122 0.6967 -0.6852
vn -0.2057 0.5785 -0.7893
vn -0.1569 0.7818 -0.6035
vn 0.0080 0.9477 -0.3190
vn -0.8048 0.4807 0.3482
vn -0.5630 -0.7070 0.4279
vn -0.7801 -0.4610 0.4229
vn -0.5062 -0.8167 -0.2771
vn -0.0517 -0.9938 -0.0986
vn -0.6931 -0.6989 0.1763
vn 0.4648 -0.7361 -0.4921
vn 0.5293 -0.2079 -0.8226
vn 0.6605 -0.6901 -0.2959
vn 0.6221 -0.2480 -0.7426
vn 0.6641 -0.1970 -0.7213
vn 0.6343 -0.1953 -0.7480
vn 0.5265 -0.5203 -0.6723
vn 0.4754 -0.6315 -0.6126
vn 0.6022 -0.6595 -0.4498
vn 0.6911 -0.3780 -0.6160
vn 0.7410 -0.5871 -0.3259
vn 0.2695 -0.9041 0.3317
vn 0.6634 -0.7257 -0.1823
vn 0.8374 -0.3615 0.4099
vn 0.1824 -0.2371 0.9542
vn 0.4024 -0.6689 0.6250
vn -0.0492 -0.9293 -0.3661
vn 0.4140 -0.6303 -0.6567
vn 0.2458 0.5317 0.8104
vn 0.6720 -0.6694 0.3167
vn 0.8139 -0.0210 0.5806
vn 0.9884 0.1509 0.0170
vn 0.4925 -0.8111 -0.3157
vn -0.0889 -0.8716 -0.4821
vn 0.4422 -0.5935 -0.6725
vn 0.0763 -0.8686 -0.4896
vn 0.0182 -0.7511 -0.6600
vn 0.3644 -0.5966 -0.7150
vn 0.6393 -0.4138 -0.6482
vn 0.0561 -0.8252 -0.5620
vn -0.0015 -0.8962 -0.4437
vn 0.0803 -0.7543 -0.6516
vn 0.4618 -0.2363 -0.8550
vn 0.3738 -0.8845 -0.2791
vn 0.3764 -0.8205 -0.4301
vn -0.0772 -0.9968 -0.0208
vn 0.2960 -0.9003 -0.3191
vn 0.3937 -0.8229 -0.4098
vn 0.4123 -0.5813 -0.7015
vn 0.4469 -0.7106 -0.5434
vn 0.4273 -0.8590 -0.2821
vn 0.1116 -0.9926 -0.0474
vn -0.3434 -0.9267 -0.1528
vn 0.2362 -0.9432 -0.2337
vn 0.2454 -0.9234 -0.2953
vn -0.0243 -0.9137 0.4058
vn -0.8321 0.5128 0.2110
vn -0.9048 -0.1235 0.4075
vn -0.9236 -0.1316 0.3601
vn -0.8552 0.4746 0.2083
vn -0.8609 0.5006 0.0907
vn -0.8928 0.3728 0.2527
vn -0.8875 0.4557 0.0679
vn -0.8661 0.4491 0.2196
vn -0.8926 0.4508 0.0015
vn -0.8338 0.5504 -0.0429
vn 0.3187 0.5987 -0.7348
vn 0.3654 0.5462 -0.7538
vn 0.0487 0.6692 -0.7415
vn -0.4422 0.7465 -0.4971
vn -0.5651 0.8180 -0.1076
vn 0.2767 0.5709 -0.7730
vn -0.0772 0.5488 -0.8324
vn 0.3294 0.5839 -0.7420
vn 0.2674 0.5595 -0.7845
vn 0.2813 0.5451 -0.7898
vn 0.2871 0.5634 -0.7747
vn 0.2062 0.6079 -0.7668
vn 0.0414 0.5200 -0.8531
vn 0.3900 -0.7286 -0.5631
vn -0.0326 0.5047 -0.8627
vn 0.1080 0.5484 -0.8292
vn 0.3052 0.4841 -0.8200
vn 0.9859 0.1669 0.0075
vn 0.8443 0.2854 -0.4536
vn 0.9928 0.0890 -0.0796
vn 0.9947 0.0734 -0.0717
vn 0.8036 -0.1743 0.5690
vn 0.5664 -0.1265 0.8143
vn 0.7880 -0.1741 0.5906
vn 0.9859 -0.0647 0.1545
vn 0.9912 -0.0101 -0.1323
vn -0.0221 -0.9475 -0.3191
vn 0.9472 0.2054 -0.2464
vn 0.0183 0.5193 -0.8544
vn 0.8463 0.2810 -0.4526
vn 0.8064 0.2817 -0.5199
vn 0.0276 0.4989 -0.8662
vn 0.3732 0.4273 -0.8235
vn -0.0597 0.4717 -0.8797
vn -0.0691 0.5014 -0.8624
vn 0.3180 0.5504 -0.7720
vn -0.0822 0.5517 -0.8299
vn -0.1324 0.5867 -0.7989
vn -0.0602 0.6478 -0.7594
vn 0.0375 0.9008 -0.4326
vn -0.1737 0.5847 -0.7924
vn 0.0634 0.6000 -0.7975
vn -0.1731 0.6270 -0.7595
vn -0.1379 0.5372 -0.8321
vn 0.0317 0.7336 -0.6789
vn 0.2416 0.7345 -0.6341
vn 0.1305 0.8599 -0.4935
vn 0.1745 0.7174 -0.6745
vn 0.0585 0.6779 -0.7328
vn -0.0033 0.9588 -0.2841
vn 0.0648 0.8538 -0.5165
vn -0.7319 0.5040 0.4586
vn -0.5141 0.8489 0.1231
vn -0.9014 0.4268 0.0731
vn -0.8771 0.4227 0.2281
vn -0.9069 0.3357 0.2547
vn -0.6746 0.6519 0.3463
vn -0.7753 0.5660 0.2802
vn -0.8476 0.4520 0.2781
vn -0.8562 0.4719 0.2102
vn -0.9397 0.0241 0.3412
vn -0.0029 -0.9410 -0.3385
vn -0.5721 -0.7973 0.1923
vn -0.3944 -0.8855 0.2458
vn -0.3569 -0.9332 0.0417
vn 0.3998 -0.7271 -0.5581
vn -0.6971 -0.6878 0.2022
vn -0.4802 -0.8610 0.1677
vn -0.0447 -0.9389 -0.3412
vn 0.3485 -0.5671 -0.7463
vn 0.1524 -0.4268 -0.8914
vn -0.4598 -0.8854 0.0684
vn 0.4174 -0.6880 -0.5937
vn 0.3492 -0.6428 -0.6818
vn 0.6094 -0.1903 -0.7697
vn 0.2064 -0.5224 -0.8273
vn 0.4131 -0.5790 -0.7030
vn 0.4312 -0.3297 -0.8398
vn 0.4367 -0.2510 -0.8639
vn 0.2865 -0.5395 -0.7917
vn 0.7201 -0.2215 -0.6576
vn 0.7620 -0.2483 -0.5980
vn 0.6185 -0.3722 -0.6920
vn 0.4858 -0.4856 -0.7268
vn 0.4347 -0.7899 -0.4326
vn 0.6769 -0.6664 -0.3125
vn 0.1230 -0.9921 -0.0231
vn 0.5301 -0.8141 -0.2373
vn 0.3871 -0.8947 0.2231
vn 0.4142 -0.6102 0.6754
vn 0.9430 -0.2508 -0.2187
vn -0.0200 -0.9462 -0.3230
vn 0.0460 -0.8050 -0.5915
vn 0.0841 0.5835 0.8078
vn 0.3090 -0.8218 -0.4787
vn 0.2585 -0.6968 -0.6691
vn 0.2758 -0.8206 -0.5006
vn 0.1495 -0.6858 -0.7123
vn 0.6103 -0.4133 -0.6758
vn 0.5867 -0.4620 -0.6651
vn 0.5793 -0.4521 -0.6783
vn 0.2420 -0.4776 -0.8446
vn 0.3920 -0.6269 -0.6733
vn 0.4918 -0.6449 -0.5850
vn 0.4549 -0.5734 -0.6814
vn 0.6050 -0.3400 -0.7200
vn 0.4275 -0.5882 -0.6865
vn 0.4093 -0.7070 -0.5767
vn 0.4524 -0.7505 -0.4817
vn 0.2947 -0.4825 -0.8248
vn 0.1262 -0.8848 -0.4486
vn 0.2242 -0.9276 -0.2987
vn 0.4491 -0.7651 -0.4615
vn 0.2893 -0.3079 -0.9064
vn 0.4564 -0.5231 -0.7198
vn 0.1702 -0.9757 -0.1377
vn 0.2448 -0.8703 -0.4274
vn 0.1588 -0.9266 -0.3408
vn 0.1612 0.6605 -0.7333
vn 0.3038 -0.7959 -0.5236
vn 0.4263 -0.6856 -0.5902
vn -0.9020 0.2433 0.3565
vn -0.8789 0.3701 0.3010
vn -0.7080 -0.6222 0.3342
vn -0.9228 0.3406 0.1803
vn -0.8573 0.4727 0.2040
vn -0.5452 0.7704 -0.3305
vn -0.8850 0.4653 0.0187
vn -0.3842 0.7051 -0.5959
vn -0.5644 0.7844 -0.2572
vn 0.2235 0.6628 -0.7147
vn 0.2687 0.6189 -0.7381
vn 0.2236 0.6157 -0.7556
vn 0.1581 0.5721 -0.8048
vn 0.1886 0.8027 -0.5658
vn 0.1895 0.5907 -0.7843
vn 0.2593 0.5737 -0.7769
vn 0.2203 0.5580 -0.8000
vn 0.1387 0.6608 -0.7376
vn -0.1184 0.5406 -0.8329
vn 0.1574 0.5466 -0.8225
vn -0.1216 0.5955 -0.7941
vn 0.0887 0.4956 -0.8640
vn 0.9841 0.1771 -0.0161
vn 0.8071 0.3807 -0.4512
vn 0.9876 0.0887 -0.1296
vn 0.6561 -0.1427 0.7411
vn 0.9973 0.0288 -0.0683
vn 0.9746 0.0689 -0.2132
vn -0.2085 0.6678 -0.7145
vn -0.0134 0.5031 -0.8641
vn 0.1161 0.6394 -0.7600
vn -0.8442 0.4698 0.2580
vn -0.2923 -0.9141 0.2809
vn -0.9391 0.0797 0.3342
vn 0.2643 -0.5771 -0.7727
vn 0.4863 -0.3567 -0.7977
vn 0.2677 -0.6811 -0.6815
vn 0.4679 -0.8284 -0.3079
vn 0.3701 -0.7289 -0.5760
vn 0.2225 -0.9222 -0.3162
vn 0.2018 -0.8740 -0.4421
vn 0.0502 -0.9250 -0.3767
vn 0.0521 -0.8673 -0.4951
vn 0.2554 -0.7617 -0.5955
vn 0.0579 0.7158 -0.6959
vn 0.3716 0.5392 -0.7557
vn -0.0528 0.5270 -0.8482
vn 0.3305 0.5844 -0.7411
vn 0.3337 0.5844 -0.7397
vn 0.0509 0.6363 -0.7698
vn -0.3400 0.6699 -0.6600
vn -0.9325 0.3593 -0.0376
vn -0.9540 0.2991 -0.0206
vn -0.1797 -0.9559 0.2325
vn -0.8695 0.4403 0.2237
vn 0.5072 -0.8425 -0.1816
vn 0.2793 -0.9475 -0.1555
vn 0.0438 -0.9979 -0.0477
vn 0.2151 -0.9687 -0.1238
vn 0.0796 -0.7716 -0.6311
vn 0.3303 -0.9052 -0.2674
vn 0.1038 -0.9565 -0.2726
vn 0.5277 -0.6489 -0.5481
vn 0.0977 -0.9102 -0.4025
vn 0.3942 -0.6926 -0.6040
vn 0.9801 0.1193 -0.1584
vn 0.4939 -0.7368 -0.4618
vn 0.9028 -0.2055 -0.3779
vn 0.9479 -0.2795 -0.1529
vn 0.9827 0.1836 0.0262
vn 0.1271 -0.7667 0.6292
vn 0.9203 -0.3859 -0.0636
vn 0.7540 0.5965 0.2750
vn 0.1339 0.8263 0.5471
vn 0.0341 0.8425 0.5376
vn 0.1929 0.7383 0.6463
vn 0.4479 0.5254 0.7234
vn 0.1195 -0.7914 0.5995
vn 0.8307 0.2966 0.4712
vn 0.8953 0.0693 -0.4400
vn 0.5699 -0.5474 -0.6128
vn 0.0412 -0.9419 -0.3335
vn 0.2734 -0.9555 -0.1108
vn 0.4634 -0.4622 0.7561
vn 0.9248 -0.2736 -0.2645
vn 0.4618 -0.4984 0.7337
vn -0.0205 0.5911 -0.8063
vn 0.6819 0.3051 -0.6648
vn 0.4961 -0.5177 0.6970
vn 0.0951 0.4729 -0.8760
vn 0.4414 0.6328 -0.6362
vn -0.2091 0.6185 -0.7574
vn -0.1666 0.5459 -0.8212
vn 0.9160 -0.2160 -0.3380
vn 0.6265 0.4623 -0.6275
vn 0.9084 -0.2119 -0.3603
vn -0.0170 0.8686 -0.4951
vn 0.3875 0.6919 -0.6092
vn 0.1826 0.7693 -0.6122
vn -0.1098 0.9068 -0.4070
vn -0.0064 0.9250 -0.3800
vn 0.0647 0.5756 -0.8152
vn -0.0792 0.7506 -0.6559
vn -0.0432 0.7971 -0.6023
vn -0.0438 0.9889 -0.1420
vn -0.3963 0.9181 0.0077
vn -0.4100 0.9114 -0.0342
vn 0.1081 0.9544 -0.2784
vn -0.4805 0.8743 0.0691
vn -0.7561 0.4976 0.4250
vn -0.5236 0.8359 0.1648
vn -0.8850 0.2024 0.4193
vn -0.6002 0.7672 0.2262
vn -0.9129 0.1201 0.3900
vn -0.6419 0.6422 0.4191
vn -0.7918 0.4651 0.3960
vn -0.8704 0.2828 0.4029
vn -0.9049 -0.1301 0.4052
vn -0.8246 -0.0298 0.5649
vn -0.8068 0.4654 0.3640
vn -0.4820 0.6670 0.5681
vn -0.1889 0.8680 0.4592
vn -0.2237 0.9683 -0.1113
vn -0.3453 0.9364 0.0625
vn -0.6061 0.6277 0.4885
vn -0.8126 -0.5762 -0.0872
vn -0.6714 -0.7391 0.0545
vn -0.9561 0.2731 -0.1059
vn -0.4298 -0.8174 0.3835
vn 0.2866 -0.6441 0.7092
vn 0.8682 0.2956 0.3985
vn 0.8572 0.1981 0.4754
vn -0.6472 -0.7461 -0.1564
vn -0.4598 -0.8805 -0.1151
vn -0.2086 -0.8012 0.5608
vn -0.1991 -0.9757 -0.0917
vn -0.8206 -0.5486 -0.1600
vn -0.4244 -0.9055 0.0015
vn -0.2802 0.4357 0.8554
vn 0.3494 0.7887 0.5059
vn 0.1253 0.1154 0.9854
vn -0.0152 0.1216 0.9925
vn 0.0950 0.1412 0.9854
vn 0.3635 -0.9241 0.1178
vn 0.3304 -0.9430 0.0404
vn 0.1233 -0.9883 0.0894
vn 0.0059 -1.0000 0.0016
vn 0.3013 -0.9531 0.0289
vn 0.0006 -0.9904 0.1384
vn 0.7080 -0.0221 -0.7059
vn 0.2070 -0.6872 -0.6963
vn 0.3217 -0.8970 -0.3031
vn 0.8866 -0.4222 -0.1888
vn 0.0256 -0.9976 0.0646
vn 0.9451 -0.3007 -0.1283
vn 0.8577 0.5141 0.0016
vn 0.9584 0.0410 -0.2826
vn 0.9322 0.2588 -0.2532
vn 0.1463 0.7520 0.6427
vn 0.8180 0.5709 -0.0702
vn 0.3335 0.9250 0.1818
vn 0.7816 0.6056 0.1494
vn 0.9152 -0.2192 -0.3382
vn 0.2677 0.8927 0.3626
vn 0.1583 0.8208 0.5488
vn 0.1693 0.8072 0.5654
vn 0.2736 0.8162 0.5089
vn 0.2564 0.7680 0.5869
vn 0.1845 0.7356 0.6518
vn 0.1299 0.7274 0.6738
vn -0.0301 0.7661 0.6421
vn 0.1637 0.7066 0.6885
vn 0.0575 0.7570 0.6509
vn 0.0187 0.6809 0.7321
vn -0.2159 0.7826 0.5839
vn -0.1685 0.9093 0.3805
vn -0.2192 0.6006 0.7689
vn 0.3323 0.8805 0.3381
vn 0.1324 0.9877 0.0836
vn 0.9320 -0.0459 -0.3596
vn 0.1157 0.9895 0.0869
vn 0.0285 0.5942 0.8038
vn 0.1752 0.3499 0.9202
vn 0.7729 0.1788 0.6088
vn 0.8446 0.0652 0.5314
vn 0.8957 0.2569 0.3629
vn 0.2770 0.1693 -0.9458
vn 0.5640 0.1456 -0.8128
vn 0.7217 0.1650 0.6722
vn -0.2622 0.3154 -0.9120
vn 0.1632 0.1960 -0.9669
vn -0.0210 0.3732 -0.9275
vn 0.1426 0.2776 -0.9500
vn 0.3880 -0.9201 0.0536
vn 0.9170 0.0506 -0.3956
vn 0.8700 -0.3348 -0.3619
vn 0.9315 0.0024 -0.3638
vn 0.5763 0.7839 -0.2310
vn 0.1422 0.9591 0.2448
vn 0.2309 0.9492 0.2139
vn 0.1487 0.9031 0.4028
vn 0.4365 0.8997 -0.0011
vn 0.1528 0.7532 0.6398
vn -0.4446 0.2789 0.8512
vn 0.2007 0.8056 0.5574
vn 0.1634 0.7943 0.5851
vn 0.0421 0.6473 0.7611
vn 0.9627 -0.1241 -0.2404
vn -0.1977 0.5802 0.7901
vn -0.2853 0.7393 0.6100
vn -0.8143 0.5175 0.2629
vn 0.1865 -0.5706 0.7998
vn -0.2855 0.8853 0.3669
vn -0.0901 0.6972 0.7112
vn -0.4970 0.1597 0.8529
vn -0.7693 0.2024 0.6059
vn 0.0864 0.9963 0.0029
vn -0.1737 0.9819 0.0761
vn 0.2899 0.8707 -0.3973
vn 0.3684 0.8962 -0.2472
vn -0.5331 0.6332 0.5611
vn 0.0432 0.8614 0.5060
vn -0.1727 0.8575 0.4847
vn 0.0529 -0.9846 -0.1663
vn 0.4820 -0.8120 -0.3292
vn 0.8433 0.3586 0.4002
vn 0.4513 0.3087 0.8373
vn 0.3207 0.0361 0.9465
vn 0.6374 -0.2484 0.7294
vn 0.7050 0.3535 0.6148
vn 0.9320 -0.2753 0.2356
vn 0.3028 -0.6567 0.6907
vn -0.4947 0.1045 0.8628
vn 0.4196 0.9025 -0.0965
vn 0.5107 -0.2583 0.8201
vn 0.1572 0.7684 0.6204
vn 0.9217 0.1469 -0.3590
vn 0.3360 0.0674 -0.9395
vn 0.9937 -0.0823 -0.0765
vn 0.8394 -0.2846 -0.4630
vn 0.7667 -0.0073 0.6420
vn 0.7083 0.3162 0.6311
vn 0.8278 -0.4316 0.3585
vn 0.5786 0.6832 0.4455
vn 0.8786 -0.2284 -0.4194
vn -0.0151 0.2384 0.9710
vn -0.3323 0.0820 -0.9396
vn -0.2141 0.3184 -0.9235
vn 0.7388 -0.0428 -0.6726
vn -0.0948 0.0532 -0.9941
vn 0.2207 -0.5658 -0.7944
vn 0.1332 0.0633 -0.9891
vn -0.5926 -0.1574 -0.7900
vn -0.4337 -0.1764 -0.8836
vn -0.3025 -0.1006 -0.9478
vn 0.0259 -0.0345 -0.9991
vn -0.5398 -0.6767 -0.5007
vn 0.3349 0.3661 -0.8682
vn -0.7270 -0.6753 -0.1246
vn -0.9637 -0.2341 -0.1285
vn -0.0935 -0.0376 -0.9949
vn -0.8914 -0.4422 -0.0994
vn -0.9734 -0.2071 -0.0984
vn -0.9938 0.0758 -0.0811
vn -0.5696 -0.1544 -0.8073
vn -0.1830 -0.5446 0.8184
vn -0.9664 -0.2490 -0.0636
vn -0.8505 -0.5258 -0.0138
vn 0.1481 -0.4374 0.8870
vn 0.2147 -0.5376 0.8154
vn 0.1859 -0.8396 0.5105
vn -0.0283 -0.7014 0.7122
vn 0.1667 -0.6784 0.7155
vn 0.0359 -0.7254 0.6874
vn 0.1511 -0.6658 0.7307
vn 0.0534 -0.7186 0.6933
vn -0.0499 -0.6436 0.7638
vn 0.0194 -0.8165 0.5770
vn -0.1349 -0.4330 0.8912
vn 0.0405 -0.6290 0.7763
vn 0.3691 -0.9294 -0.0027
vn 0.3486 0.8825 -0.3159
vn 0.3679 -0.6454 0.6694
vn 0.7460 -0.6283 -0.2209
vn 0.7432 -0.6104 -0.2741
vn 0.2559 -0.6583 0.7079
vn 0.5546 -0.8248 -0.1099
vn 0.1095 -0.6762 0.7285
vn -0.3496 0.8890 0.2958
vn -0.5750 0.8054 -0.1439
vn 0.9680 -0.0695 -0.2411
vn -0.6701 -0.6274 0.3968
vn -0.7389 -0.5175 0.4315
vn -0.7697 -0.1541 0.6196
vn -0.6327 -0.6753 0.3791
vn -0.4398 0.3829 0.8124
vn -0.6827 -0.3513 0.6407
vn 0.0119 0.7712 0.6365
vn -0.0521 0.7933 0.6065
vn 0.1188 0.6629 0.7393
vn 0.5262 0.5727 0.6286
vn 0.4451 0.7380 0.5072
vn 0.3392 0.7562 0.5596
vn 0.8586 -0.4513 -0.2433
vn -0.4075 0.6922 0.5957
vn 0.6371 0.5674 0.5218
vn 0.7314 0.0656 0.6788
vn -0.2352 0.9713 -0.0368
vn -0.3256 0.3515 0.8777
vn 0.1265 -0.9631 -0.2374
vn 0.1646 0.9155 -0.3671
vn -0.4604 0.8704 0.1745
vn -0.4919 0.5751 0.6537
vn 0.8245 -0.2629 -0.5010
vn 0.3178 -0.2745 0.9076
vn 0.0791 0.7099 0.6999
vn 0.7313 0.0587 0.6795
vn 0.5100 -0.3884 0.7675
vn -0.5812 0.7264 -0.3669
vn 0.4078 -0.9019 -0.1423
vn 0.2889 -0.9566 -0.0379
vn 0.1995 -0.6720 0.7132
vn 0.3221 -0.6237 0.7123
vn 0.9781 -0.2080 -0.0066
vn 0.6998 -0.1000 0.7074
vn -0.7280 0.6001 0.3317
vn -0.5957 0.7408 -0.3105
vn 0.9187 0.3577 0.1674
vn -0.6731 -0.7375 -0.0547
vn 0.2527 0.3483 0.9027
vn -0.6331 -0.7006 0.3291
vn -0.7060 -0.6632 0.2486
vn 0.6008 -0.7035 -0.3796
vn 0.5925 0.7885 0.1649
vn 0.5512 0.7693 0.3231
vn -0.2446 0.9001 0.3605
vn 0.1803 0.8959 0.4060
vn 0.1429 -0.0892 0.9857
vn -0.4606 0.4769 0.7486
vn 0.1536 0.5801 0.8000
vn -0.4176 0.7505 -0.5122
vn 0.1672 0.1180 0.9788
s 0
f 1//1 1525//1 1526//1 1899//1
f 1965//2 693//2 1963//2 1964//2
f 32//3 1324//3 1323//3
f 1685//4 1519//4 1518//4 1517//4
f 2//5 1518//5 1903//5 1904//5
f 572//6 622//6 824//6 623//6
f 30//7 934//7 935//7 936//7
f 81//8 38//8 408//8 80//8
f 124//9 123//9 40//9 122//9
f 37//10 4//10 33//10
f 408//11 38//11 1981//11
f 409//12 33//12 35//12 410//12
f 4//13 37//13 34//13
f 583//14 585//14 581//14
f 407//15 39//15 1978//15 1979//15
f 1968//16 132//16 130//16 129//16
f 40//17 123//17 119//17
f 669//18 670//18 42//18 45//18
f 54//19 7//19 676//19 57//19
f 124//20 122//20 52//20 127//20
f 41//21 42//21 461//21 462//21
f 1117//22 918//22 913//22 912//22
f 666//23 43//23 44//23 665//23
f 667//24 906//24 907//24 908//24
f 930//25 689//25 929//25
f 53//26 687//26 49//26 50//26
f 122//27 115//27 48//27 52//27
f 75//28 1025//28 58//28 1026//28
f 681//29 56//29 680//29
f 25//30 117//30 53//30
f 719//31 177//31 175//31 174//31
f 1510//32 1511//32 59//32 60//32
f 65//33 1129//33 1309//33 1310//33
f 1313//34 1508//34 1675//34 1509//34
f 63//35 62//35 1125//35 1126//35
f 62//36 64//36 1314//36 1315//36
f 1312//37 65//37 1310//37 1311//37
f 65//38 63//38 1128//38 1129//38
f 1398//39 1037//39 770//39 1036//39
f 406//40 114//40 405//40
f 927//41 68//41 1319//41 1320//41
f 1318//42 1319//42 68//42 1317//42
f 86//43 74//43 11//43 73//43
f 261//44 761//44 10//44 262//44
f 1390//45 1391//45 1030//45 1389//45
f 78//46 758//46 76//46 74//46
f 766//47 1033//47 1034//47 767//47
f 200//48 105//48 198//48 199//48
f 106//49 200//49 201//49 202//49
f 429//50 197//50 105//50 106//50
f 264//51 265//51 79//51 80//51
f 271//52 769//52 770//52 771//52
f 267//53 268//53 14//53 82//53
f 1030//54 1031//54 84//54 88//54
f 342//55 345//55 344//55
f 13//56 85//56 86//56 87//56
f 386//57 601//57 600//57
f 269//58 270//58 14//58 268//58
f 606//59 607//59 95//59 608//59
f 15//60 618//60 584//60 586//60
f 95//61 609//61 610//61 17//61
f 94//62 92//62 613//62
f 804//63 90//63 307//63 306//63
f 590//64 591//64 613//64 92//64
f 599//65 17//65 598//65 390//65
f 377//66 376//66 97//66 378//66
f 92//67 91//67 588//67
f 393//68 596//68 98//68 394//68
f 102//69 103//69 18//69
f 594//70 598//70 17//70 612//70
f 104//71 682//71 683//71 684//71
f 682//72 104//72 56//72 681//72
f 429//73 203//73 99//73 103//73
f 18//74 100//74 101//74 102//74
f 169//75 442//75 111//75
f 203//76 429//76 106//76 202//76
f 1900//77 1524//77 1//77 1899//77
f 313//78 298//78 19//78 301//78
f 298//79 296//79 297//79
f 170//80 108//80 169//80 168//80
f 441//81 442//81 109//81 440//81
f 29//82 3//82 31//82
f 168//83 169//83 111//83 167//83
f 1335//84 959//84 958//84 1334//84
f 108//85 107//85 169//85
f 22//86 962//86 1933//86 712//86
f 1337//87 1336//87 1544//87 1338//87
f 344//88 113//88 343//88 342//88
f 1341//89 965//89 964//89 963//89
f 40//90 121//90 115//90 122//90
f 85//91 13//91 84//91
f 24//92 83//92 113//92
f 347//93 346//93 345//93
f 25//94 50//94 115//94
f 818//95 820//95 620//95
f 117//96 673//96 674//96 675//96
f 7//97 117//97 675//97 676//97
f 1898//98 1526//98 1528//98 1529//98
f 1528//99 1526//99 1525//99 1527//99
f 459//100 672//100 120//100 118//100
f 48//101 47//101 1967//101
f 104//102 55//102 56//102
f 121//103 40//103 119//103 120//103
f 128//104 130//104 131//104 456//104
f 679//105 921//105 922//105
f 457//106 458//106 126//106
f 125//107 126//107 124//107
f 126//108 125//108 128//108
f 460//109 462//109 461//109
f 461//110 459//110 460//110
f 466//111 467//111 468//111 663//111
f 134//112 133//112 135//112 136//112
f 129//113 130//113 128//113 125//113
f 47//114 1966//114 1967//114
f 133//115 132//115 1964//115 135//115
f 137//116 136//116 138//116 139//116
f 128//117 456//117 462//117 457//117
f 1973//118 1972//118 1971//118
f 1954//119 150//119 148//119 147//119
f 131//120 455//120 463//120 456//120
f 134//121 454//121 465//121 455//121
f 140//122 139//122 141//122 142//122
f 138//123 1962//123 1961//123 1960//123
f 1960//124 141//124 139//124 138//124
f 470//125 471//125 472//125 661//125
f 146//126 145//126 147//126 148//126
f 143//127 142//127 144//127 145//127
f 1958//128 144//128 142//128 141//128
f 147//129 145//129 144//129 1956//129
f 149//130 148//130 150//130 151//130
f 140//131 452//131 469//131 453//131
f 468//132 469//132 470//132 662//132
f 1955//133 1954//133 147//133 1956//133
f 143//134 451//134 471//134 452//134
f 146//135 450//135 473//135 451//135
f 152//136 151//136 153//136 154//136
f 659//137 474//137 475//137 476//137
f 1952//138 153//138 151//138 150//138
f 657//139 478//139 479//139 480//139
f 158//140 157//140 159//140 160//140
f 155//141 154//141 156//141 157//141
f 1950//142 156//142 154//142 153//142
f 159//143 157//143 156//143 1948//143
f 161//144 160//144 162//144 163//144
f 152//145 448//145 477//145 449//145
f 155//146 447//146 479//146 448//146
f 158//147 446//147 481//147 447//147
f 164//148 163//148 165//148 166//148
f 482//149 483//149 484//149 655//149
f 1944//150 165//150 163//150 162//150
f 444//151 441//151 487//151
f 116//152 121//152 673//152
f 441//153 444//153 443//153
f 168//154 167//154 1943//154 715//154
f 718//155 174//155 172//155 171//155
f 166//156 111//156 442//156 443//156
f 170//157 168//157 715//157 716//157
f 352//158 399//158 349//158 351//158
f 171//159 170//159 716//159 717//159
f 176//160 175//160 177//160 178//160
f 438//161 110//161 173//161
f 174//162 718//162 970//162 719//162
f 22//163 960//163 961//163 962//163
f 172//164 108//164 170//164 171//164
f 1935//165 22//165 710//165 1934//165
f 177//166 719//166 972//166 720//166
f 437//167 173//167 175//167 176//167
f 173//168 110//168 172//168
f 439//169 109//169 438//169
f 436//170 176//170 178//170 179//170
f 974//171 721//171 180//171 720//171
f 182//172 181//172 183//172 184//172
f 179//173 178//173 180//173 181//173
f 720//174 180//174 178//174 177//174
f 181//175 180//175 721//175 183//175
f 185//176 184//176 186//176 187//176
f 498//177 437//177 176//177 436//177
f 435//178 179//178 181//178 182//178
f 186//179 722//179 978//179 723//179
f 501//180 436//180 179//180 435//180
f 182//181 434//181 504//181 435//181
f 188//182 187//182 189//182 190//182
f 506//183 505//183 507//183 508//183
f 189//184 723//184 980//184 724//184
f 183//185 721//185 976//185 722//185
f 641//186 519//186 520//186 521//186
f 723//187 189//187 187//187 186//187
f 502//188 501//188 435//188 504//188
f 432//189 188//189 190//189 191//189
f 982//190 725//190 192//190 724//190
f 194//191 193//191 195//191 196//191
f 191//192 190//192 192//192 193//192
f 724//193 192//193 190//193 189//193
f 193//194 192//194 725//194 195//194
f 197//195 196//195 198//195 105//195
f 510//196 433//196 188//196 432//196
f 1363//197 988//197 987//197 986//197
f 986//198 987//198 727//198 985//198
f 513//199 432//199 191//199 431//199
f 194//200 430//200 516//200 431//200
f 199//201 198//201 726//201 727//201
f 195//202 725//202 984//202 726//202
f 728//203 201//203 200//203 199//203
f 1529//204 1528//204 1530//204 1531//204
f 731//205 210//205 208//205 207//205
f 689//206 930//206 931//206
f 1253//207 1063//207 1254//207
f 206//208 99//208 203//208 205//208
f 1366//209 994//209 993//209 992//209
f 993//210 731//210 207//210 730//210
f 206//211 208//211 209//211 427//211
f 210//212 731//212 995//212 732//212
f 209//213 208//213 210//213 211//213
f 206//214 428//214 99//214
f 428//215 206//215 427//215
f 212//216 211//216 213//216 214//216
f 530//217 532//217 533//217 637//217
f 997//218 733//218 213//218 732//218
f 1865//219 1864//219 1866//219
f 215//220 214//220 216//220 217//220
f 732//221 213//221 211//221 210//221
f 216//222 214//222 213//222 733//222
f 531//223 425//223 215//223 424//223
f 998//224 1368//224 1601//224 1369//224
f 1003//225 1002//225 1370//225
f 425//226 212//226 214//226 215//226
f 1370//227 1002//227 1001//227 1000//227
f 212//228 425//228 528//228 426//228
f 523//229 522//229 427//229 525//229
f 221//230 218//230 220//230
f 221//231 422//231 536//231 423//231
f 224//232 225//232 223//232
f 218//233 423//233 424//233
f 225//234 421//234 422//234
f 422//235 221//235 223//235 225//235
f 223//236 220//236 222//236
f 546//237 548//237 549//237 632//237
f 735//238 737//238 222//238
f 227//239 224//239 228//239 229//239
f 226//240 223//240 222//240 737//240
f 230//241 229//241 231//241 232//241
f 233//242 232//242 234//242 235//242
f 737//243 738//243 226//243
f 746//244 1012//244 1013//244 1014//244
f 744//245 1010//245 1011//245 1012//245
f 226//246 224//246 223//246
f 1012//247 746//247 745//247 744//247
f 1014//248 748//248 747//248 746//248
f 227//249 420//249 541//249 421//249
f 549//250 631//250 840//250 632//250
f 225//251 227//251 421//251
f 237//252 745//252 746//252 747//252
f 236//253 235//253 237//253 238//253
f 544//254 420//254 230//254 419//254
f 233//255 418//255 547//255 419//255
f 239//256 238//256 240//256 241//256
f 558//257 560//257 561//257 628//257
f 240//258 747//258 748//258 749//258
f 242//259 241//259 243//259 244//259
f 747//260 240//260 238//260 237//260
f 241//261 240//261 749//261 243//261
f 556//262 416//262 242//262 415//262
f 748//263 1014//263 1015//263 1016//263
f 752//264 1018//264 1019//264 1020//264
f 416//265 239//265 241//265 242//265
f 1022//266 756//266 755//266 754//266
f 239//267 416//267 553//267 417//267
f 561//268 560//268 562//268 563//268
f 548//269 547//269 418//269 550//269
f 245//270 247//270 248//270 414//270
f 249//271 753//271 754//271 755//271
f 248//272 247//272 249//272 250//272
f 245//273 414//273 559//273 415//273
f 251//274 250//274 252//274 253//274
f 252//275 755//275 756//275 757//275
f 36//276 4//276 34//276
f 254//277 253//277 255//277 256//277
f 755//278 252//278 250//278 249//278
f 253//279 252//279 757//279 255//279
f 568//280 412//280 254//280 411//280
f 756//281 1022//281 1023//281 1024//281
f 77//282 1931//282 760//282
f 412//283 251//283 253//283 254//283
f 251//284 412//284 565//284 413//284
f 257//285 259//285 260//285 410//285
f 261//286 759//286 760//286 761//286
f 260//287 259//287 261//287 262//287
f 257//288 410//288 35//288 411//288
f 263//289 264//289 80//289 408//289
f 831//290 832//290 627//290 830//290
f 272//291 341//291 270//291 271//291
f 268//292 267//292 765//292 766//292
f 260//293 262//293 264//293 263//293
f 263//294 408//294 1981//294 409//294
f 414//295 562//295 560//295 559//295
f 93//296 616//296 617//296
f 1399//297 1400//297 1037//297 1398//297
f 274//298 339//298 272//298 273//298
f 81//299 12//299 83//299 112//299
f 617//300 618//300 15//300 93//300
f 82//301 79//301 266//301 267//301
f 24//302 112//302 83//302
f 1036//303 770//303 769//303 768//303
f 91//304 93//304 587//304
f 340//305 345//305 342//305
f 815//306 816//306 618//306 617//306
f 1408//307 1407//307 1423//307 1409//307
f 338//308 339//308 274//308 337//308
f 333//309 334//309 335//309 278//309
f 1039//310 776//310 775//310 774//310
f 1408//311 1042//311 780//311 1041//311
f 337//312 276//312 335//312 336//312
f 782//313 781//313 780//313 1042//313
f 1040//314 778//314 777//314 776//314
f 338//315 348//315 347//315
f 1976//316 1975//316 1974//316 1984//316
f 332//317 357//317 356//317
f 348//318 338//318 350//318
f 1414//319 1045//319 786//319 1044//319
f 330//320 331//320 282//320 329//320
f 325//321 326//321 327//321 286//321
f 1043//322 784//322 783//322 782//322
f 785//323 287//323 286//323 285//323
f 329//324 284//324 327//324 328//324
f 790//325 789//325 788//325 1046//325
f 1416//326 1046//326 788//326 1045//326
f 330//327 360//327 359//327
f 303//328 313//328 301//328 302//328
f 787//329 289//329 288//329 287//329
f 933//330 1324//330 1325//330 934//330
f 360//331 330//331 362//331
f 322//332 323//332 290//332 321//332
f 318//333 294//333 315//333 317//333
f 324//334 369//334 368//334
f 796//335 795//335 1049//335
f 321//336 292//336 318//336 320//336
f 1051//337 797//337 796//337 1049//337
f 1048//338 795//338 793//338 792//338
f 1053//339 1258//339 1060//339 1055//339
f 322//340 372//340 371//340
f 314//341 298//341 313//341 312//341
f 319//342 320//342 318//342
f 1056//343 1055//343 1059//343
f 20//344 107//344 108//344
f 297//345 794//345 796//345 299//345
f 933//346 31//346 21//346 932//346
f 802//347 306//347 304//347 800//347
f 933//348 29//348 31//348
f 31//349 28//349 692//349
f 311//350 305//350 309//350 310//350
f 313//351 311//351 312//351
f 312//352 311//352 310//352
f 803//353 804//353 306//353 802//353
f 604//354 308//354 807//354
f 801//355 802//355 800//355
f 615//356 812//356 814//356
f 813//357 812//357 811//357
f 311//358 303//358 305//358
f 16//359 91//359 92//359
f 805//360 1057//360 808//360 806//360
f 382//361 381//361 380//361 309//361
f 319//362 318//362 317//362
f 316//363 315//363 314//363
f 308//364 309//364 305//364 307//364
f 20//365 109//365 107//365
f 300//366 797//366 798//366 799//366
f 372//367 322//367 374//367
f 797//368 300//368 299//368 796//368
f 612//369 17//369 610//369 611//369
f 795//370 796//370 794//370
f 794//371 295//371 793//371
f 296//372 315//372 294//372 295//372
f 366//373 326//373 368//373
f 793//374 295//374 294//374 293//374
f 605//375 806//375 607//375
f 294//376 318//376 292//376 293//376
f 371//377 324//377 323//377 322//377
f 292//378 321//378 290//378 291//378
f 1047//379 792//379 791//379 790//379
f 289//380 787//380 788//380 789//380
f 290//381 323//381 288//381 289//381
f 607//382 606//382 605//382
f 287//383 785//383 786//383 787//383
f 326//384 366//384 365//384
f 288//385 325//385 286//385 287//385
f 354//386 334//386 356//386
f 592//387 398//387 397//387 396//387
f 286//388 327//388 284//388 285//388
f 359//389 332//389 331//389 330//389
f 284//390 329//390 282//390 283//390
f 1044//391 786//391 785//391 784//391
f 1969//392 402//392 401//392 400//392
f 780//393 781//393 281//393 779//393
f 282//394 331//394 280//394 281//394
f 279//395 777//395 778//395 779//395
f 334//396 354//396 353//396
f 280//397 333//397 278//397 279//397
f 343//398 89//398 342//398
f 777//399 279//399 278//399 277//399
f 406//400 405//400 1975//400
f 278//401 335//401 276//401 277//401
f 347//402 340//402 339//402 338//402
f 276//403 337//403 274//403 275//403
f 403//404 346//404 401//404 402//404
f 14//405 89//405 343//405
f 772//406 773//406 273//406 771//406
f 121//407 116//407 115//407
f 113//408 83//408 343//408
f 771//409 273//409 272//409 271//409
f 16//410 93//410 91//410
f 25//411 116//411 117//411
f 769//412 271//412 270//412 269//412
f 83//413 82//413 14//413 343//413
f 87//414 88//414 13//414
f 114//415 344//415 403//415 404//415
f 346//416 403//416 344//416 345//416
f 1974//417 405//417 1972//417
f 350//418 349//418 348//418
f 384//419 385//419 373//419 376//419
f 356//420 355//420 354//420
f 353//421 352//421 351//421
f 355//422 397//422 352//422 354//422
f 358//423 395//423 355//423 357//423
f 362//424 361//424 360//424
f 368//425 367//425 366//425
f 365//426 364//426 363//426
f 367//427 389//427 364//427 366//427
f 381//428 383//428 384//428
f 380//429 381//429 377//429
f 370//430 387//430 367//430 369//430
f 374//431 373//431 372//431
f 597//432 393//432 392//432 391//432
f 74//433 77//433 78//433
f 374//434 322//434 321//434 320//434
f 379//435 377//435 378//435
f 384//436 376//436 377//436 381//436
f 602//437 601//437 386//437
f 384//438 383//438 602//438
f 380//439 377//439 379//439 310//439
f 1061//440 814//440 813//440 1060//440
f 600//441 388//441 387//441 386//441
f 314//442 312//442 379//442 316//442
f 316//443 317//443 315//443
f 105//444 200//444 106//444
f 1029//445 1028//445 1027//445
f 810//446 611//446 610//446 809//446
f 600//447 599//447 388//447
f 390//448 389//448 388//448
f 371//449 372//449 370//449
f 391//450 598//450 597//450
f 596//451 393//451 597//451
f 367//452 368//452 369//452
f 390//453 391//453 389//453
f 362//454 363//454 361//454
f 359//455 360//455 358//455
f 593//456 592//456 396//456 595//456
f 402//457 1969//457 1985//457 1970//457
f 355//458 356//458 357//458
f 594//459 593//459 595//459 596//459
f 589//460 400//460 399//460 398//460
f 389//461 367//461 387//461 388//461
f 350//462 351//462 349//462
f 597//463 594//463 596//463
f 586//464 585//464 1985//464 587//464
f 347//465 348//465 346//465
f 1972//466 405//466 114//466 404//466
f 349//467 401//467 346//467 348//467
f 81//468 112//468 407//468
f 1975//469 405//469 1974//469
f 52//470 51//470 127//470
f 916//471 675//471 674//471
f 24//472 406//472 112//472
f 1983//473 1976//473 1984//473 576//473
f 12//474 81//474 80//474
f 1980//475 33//475 409//475 1981//475
f 25//476 115//476 116//476
f 410//477 260//477 263//477 409//477
f 411//478 254//478 256//478 257//478
f 258//479 758//479 78//479 759//479
f 1024//480 11//480 76//480
f 570//481 571//481 572//481 623//481
f 754//482 1020//482 1021//482 1022//482
f 564//483 627//483 561//483 563//483
f 415//484 242//484 244//484 245//484
f 246//485 751//485 752//485 753//485
f 750//486 1016//486 1017//486 1018//486
f 558//487 557//487 559//487 560//487
f 234//488 743//488 744//488 745//488
f 552//489 631//489 549//489 551//489
f 419//490 230//490 232//490 233//490
f 233//491 235//491 236//491 418//491
f 529//492 528//492 425//492 531//492
f 543//493 545//493 546//493 633//493
f 222//494 219//494 735//494
f 424//495 215//495 217//495 218//495
f 1001//496 735//496 219//496 734//496
f 424//497 423//497 534//497
f 537//498 535//498 538//498 539//498
f 533//499 532//499 534//499 535//499
f 1598//500 1368//500 996//500 1367//500
f 522//501 100//501 428//501
f 520//502 101//502 522//502
f 994//503 1366//503 1595//503 1367//503
f 991//504 730//504 204//504 729//504
f 1523//505 1525//505 1//505 1524//505
f 204//506 202//506 201//506 729//506
f 102//507 518//507 103//507
f 103//508 518//508 430//508
f 430//509 194//509 196//509 197//509
f 644//510 863//510 864//510 865//510
f 515//511 514//511 516//511 517//511
f 433//512 185//512 187//512 188//512
f 509//513 645//513 506//513 508//513
f 434//514 182//514 184//514 185//514
f 657//515 888//515 889//515 890//515
f 109//516 439//516 440//516
f 440//517 487//517 441//517
f 494//518 649//518 875//518 650//518
f 443//519 442//519 441//519
f 482//520 481//520 446//520 483//520
f 500//521 502//521 503//521 647//521
f 487//522 440//522 489//522
f 173//523 172//523 174//523 175//523
f 127//524 125//524 124//524
f 20//525 108//525 110//525
f 718//526 968//526 969//526 970//526
f 24//527 113//527 114//527
f 486//528 487//528 489//528 488//528
f 164//529 166//529 443//529 444//529
f 161//530 163//530 164//530 445//530
f 156//531 1950//531 1949//531 1948//531
f 446//532 158//532 160//532 161//532
f 447//533 155//533 157//533 158//533
f 152//534 154//534 155//534 448//534
f 149//535 151//535 152//535 449//535
f 144//536 1958//536 1957//536 1956//536
f 450//537 146//537 148//537 149//537
f 451//538 143//538 145//538 146//538
f 45//539 5//539 43//539
f 140//540 142//540 143//540 452//540
f 137//541 139//541 140//541 453//541
f 1965//542 1964//542 132//542 1968//542
f 454//543 134//543 136//543 137//543
f 455//544 131//544 133//544 134//544
f 464//545 664//545 665//545 44//545
f 671//546 672//546 459//546
f 664//547 464//547 465//547 466//547
f 41//548 5//548 42//548
f 457//549 126//549 128//549
f 458//550 457//550 460//550
f 44//551 5//551 41//551
f 459//552 461//552 671//552
f 460//553 457//553 462//553
f 466//554 663//554 902//554 664//554
f 41//555 462//555 456//555 463//555
f 464//556 463//556 455//556 465//556
f 466//557 465//557 454//557 467//557
f 470//558 661//558 898//558 662//558
f 660//559 472//559 473//559 474//559
f 472//560 660//560 896//560 661//560
f 468//561 467//561 453//561 469//561
f 474//562 659//562 894//562 660//562
f 470//563 469//563 452//563 471//563
f 476//564 477//564 478//564 658//564
f 472//565 471//565 451//565 473//565
f 478//566 657//566 890//566 658//566
f 474//567 473//567 450//567 475//567
f 656//568 480//568 481//568 482//568
f 476//569 475//569 449//569 477//569
f 482//570 655//570 886//570 656//570
f 480//571 656//571 888//571 657//571
f 478//572 477//572 448//572 479//572
f 654//573 484//573 485//573 486//573
f 480//574 479//574 447//574 481//574
f 494//575 493//575 492//575
f 490//576 489//576 491//576
f 486//577 488//577 653//577 654//577
f 651//578 490//578 491//578 493//578
f 486//579 485//579 444//579 487//579
f 172//580 110//580 108//580
f 493//581 650//581 651//581
f 492//582 493//582 491//582
f 887//583 1099//583 1911//583 1100//583
f 490//584 651//584 879//584 652//584
f 489//585 440//585 439//585 491//585
f 494//586 492//586 495//586 496//586
f 655//587 884//587 885//587 886//587
f 497//588 499//588 500//588 648//588
f 880//589 652//589 879//589
f 497//590 648//590 873//590 649//590
f 500//591 647//591 871//591 648//591
f 877//592 651//592 650//592
f 876//593 1093//593 1188//593 1094//593
f 1911//594 1099//594 1910//594 1173//594
f 503//595 646//595 869//595 647//595
f 509//596 511//596 512//596 644//596
f 509//597 644//597 865//597 645//597
f 863//598 644//598 512//598 643//598
f 645//599 865//599 866//599 867//599
f 517//600 102//600 101//600
f 524//601 523//601 525//601 526//601
f 102//602 517//602 518//602
f 643//603 515//603 519//603 642//603
f 527//604 526//604 528//604 529//604
f 518//605 517//605 516//605
f 432//606 513//606 511//606 510//606
f 519//607 641//607 860//607 642//607
f 524//608 639//608 856//608 640//608
f 1086//609 861//609 1085//609 1209//609
f 522//610 428//610 427//610
f 521//611 640//611 858//611 641//611
f 527//612 638//612 854//612 639//612
f 527//613 529//613 530//613 638//613
f 530//614 637//614 852//614 638//614
f 537//615 635//615 848//615 636//615
f 533//616 636//616 850//616 637//616
f 422//617 421//617 538//617
f 540//618 634//618 846//618 635//618
f 543//619 633//619 844//619 634//619
f 546//620 632//620 842//620 633//620
f 552//621 554//621 555//621 630//621
f 631//622 552//622 630//622 838//622
f 555//623 629//623 836//623 630//623
f 564//624 563//624 565//624 566//624
f 558//625 628//625 834//625 629//625
f 564//626 566//626 567//626 626//626
f 572//627 571//627 573//627 574//627
f 570//628 623//628 826//628 624//628
f 837//629 1073//629 1233//629 1074//629
f 567//630 569//630 625//630 626//630
f 36//631 34//631 569//631 567//631
f 910//632 909//632 1114//632 1115//632
f 624//633 625//633 569//633 570//633
f 575//634 574//634 576//634 577//634
f 578//635 577//635 579//635 580//635
f 579//636 577//636 576//636 1984//636
f 578//637 620//637 820//637 621//637
f 829//638 1070//638 831//638 830//638
f 827//639 1067//639 1245//639 1068//639
f 580//640 579//640 1973//640 583//640
f 575//641 621//641 822//641 622//641
f 584//642 582//642 581//642
f 584//643 581//643 585//643 586//643
f 583//644 581//644 580//644
f 582//645 619//645 620//645
f 808//646 1057//646 1058//646 809//646
f 1969//647 588//647 587//647 1985//647
f 91//648 587//648 588//648
f 90//649 804//649 805//649
f 588//650 1969//650 400//650 589//650
f 375//651 97//651 376//651 373//651
f 815//652 617//652 615//652 814//652
f 92//653 588//653 589//653 590//653
f 614//654 94//654 613//654
f 16//655 92//655 94//655
f 115//656 50//656 48//656
f 591//657 590//657 592//657 593//657
f 599//658 600//658 608//658
f 806//659 605//659 807//659
f 608//660 600//660 601//660
f 98//661 595//661 396//661 395//661
f 100//662 18//662 99//662
f 595//663 98//663 596//663
f 608//664 601//664 603//664 606//664
f 390//665 388//665 599//665
f 391//666 390//666 598//666
f 962//667 961//667 1339//667 963//667
f 384//668 602//668 386//668 385//668
f 807//669 605//669 604//669
f 604//670 603//670 383//670 382//670
f 383//671 381//671 382//671
f 312//672 310//672 379//672
f 609//673 95//673 607//673
f 378//674 96//674 317//674 316//674
f 602//675 383//675 603//675
f 597//676 598//676 594//676
f 97//677 96//677 378//677
f 382//678 308//678 604//678
f 317//679 96//679 319//679
f 815//680 814//680 1061//680 1062//680
f 394//681 98//681 395//681 358//681
f 614//682 810//682 811//682 812//682
f 619//683 584//683 618//683 816//683
f 601//684 602//684 603//684
f 1055//685 1054//685 1053//685
f 1246//686 1245//686 1067//686 1247//686
f 616//687 94//687 614//687 615//687
f 807//688 90//688 805//688 806//688
f 619//689 582//689 584//689
f 380//690 310//690 309//690
f 608//691 95//691 17//691 599//691
f 685//692 55//692 104//692 684//692
f 822//693 821//693 1065//693 823//693
f 622//694 822//694 823//694 824//694
f 1971//695 583//695 1973//695
f 1067//696 827//696 826//696 825//696
f 585//697 583//697 1971//697
f 582//698 620//698 578//698 580//698
f 575//699 577//699 578//699 621//699
f 572//700 574//700 575//700 622//700
f 628//701 832//701 833//701 834//701
f 569//702 34//702 571//702 570//702
f 1073//703 837//703 836//703 835//703
f 567//704 566//704 568//704 36//704
f 840//705 839//705 1075//705 841//705
f 633//706 842//706 843//706 844//706
f 1077//707 845//707 844//707 843//707
f 555//708 554//708 556//708 557//708
f 848//709 847//709 1079//709 849//709
f 1082//710 853//710 1081//710 1217//710
f 1081//711 853//711 852//711 851//711
f 543//712 542//712 544//712 545//712
f 540//713 542//713 543//713 634//713
f 856//714 855//714 1083//714 857//714
f 540//715 635//715 537//715 539//715
f 540//716 539//716 541//716 542//716
f 533//717 535//717 537//717 636//717
f 860//718 859//718 1085//718 861//718
f 530//719 529//719 531//719 532//719
f 527//720 639//720 524//720 526//720
f 521//721 523//721 524//721 640//721
f 869//722 868//722 1090//722 870//722
f 100//723 522//723 101//723
f 512//724 511//724 513//724 514//724
f 1092//725 874//725 873//725 872//725
f 881//726 882//726 880//726
f 500//727 499//727 501//727 502//727
f 497//728 496//728 498//728 499//728
f 654//729 653//729 883//729 884//729
f 497//730 649//730 494//730 496//730
f 1098//731 885//731 884//731 883//731
f 1100//732 1911//732 1170//732 1912//732
f 892//733 891//733 1102//733 893//733
f 899//734 1105//734 1917//734 1106//734
f 1104//735 897//735 896//735 895//735
f 900//736 899//736 1106//736 901//736
f 1110//737 907//737 906//737 905//737
f 1497//738 1498//738 1304//738 1495//738
f 906//739 667//739 43//739 666//739
f 1146//740 1145//740 1144//740
f 6//741 47//741 48//741
f 1116//742 912//742 911//742 910//742
f 909//743 1113//743 1114//743
f 695//744 694//744 1942//744 696//744
f 914//745 913//745 918//745 916//745
f 6//746 46//746 47//746
f 42//747 5//747 45//747
f 916//748 917//748 675//748
f 1320//749 929//749 928//749 927//749
f 1119//750 1118//750 1923//750 1120//750
f 922//751 921//751 923//751
f 919//752 678//752 677//752 917//752
f 921//753 679//753 678//753
f 117//754 116//754 673//754
f 54//755 56//755 55//755
f 674//756 673//756 672//756 915//756
f 906//757 666//757 904//757 905//757
f 685//758 7//758 54//758 55//758
f 680//759 679//759 681//759
f 57//760 676//760 677//760
f 1924//761 1122//761 1121//761 1120//761
f 85//762 1931//762 77//762
f 1128//763 67//763 1130//763 1129//763
f 680//764 57//764 677//764
f 918//765 919//765 917//765
f 681//766 679//766 922//766 682//766
f 58//767 1385//767 1026//767
f 1314//768 64//768 61//768 59//768
f 378//769 316//769 379//769
f 807//770 308//770 307//770 90//770
f 1321//771 929//771 1320//771
f 7//772 685//772 686//772 687//772
f 923//773 924//773 922//773
f 693//774 1965//774 1966//774 691//774
f 930//775 929//775 1321//775
f 931//776 690//776 689//776
f 53//777 117//777 7//777
f 685//778 684//778 926//778 686//778
f 46//779 49//779 688//779
f 46//780 688//780 689//780 690//780
f 932//781 1323//781 1324//781 933//781
f 25//782 53//782 50//782
f 6//783 50//783 49//783
f 1966//784 46//784 690//784 691//784
f 940//785 1940//785 698//785 1941//785
f 28//786 27//786 694//786
f 31//787 692//787 931//787 21//787
f 693//788 691//788 28//788 694//788
f 1963//789 695//789 1961//789 1962//789
f 1960//790 1961//790 697//790 1959//790
f 1959//791 699//791 1957//791 1958//791
f 1947//792 1946//792 159//792 1948//792
f 1946//793 162//793 160//793 159//793
f 1970//794 1985//794 585//794 1971//794
f 1937//795 949//795 951//795 952//795
f 1953//796 705//796 1951//796 1952//796
f 1907//797 1332//797 950//797 1331//797
f 968//798 717//798 966//798 967//798
f 959//799 960//799 23//799 958//799
f 171//800 717//800 968//800 718//800
f 1557//801 1699//801 1825//801 1700//801
f 1580//802 1360//802 1577//802 1579//802
f 442//803 107//803 109//803
f 438//804 20//804 110//804
f 722//805 976//805 977//805 978//805
f 495//806 438//806 173//806 437//806
f 1349//807 1348//807 1562//807 1350//807
f 1577//808 1360//808 1359//808 1358//808
f 1355//809 979//809 978//809 977//809
f 1581//810 1707//810 1844//810 1708//810
f 868//811 1089//811 1200//811 1090//811
f 507//812 434//812 185//812 433//812
f 1361//813 1360//813 1580//813 1362//813
f 727//814 726//814 984//814 985//814
f 431//815 191//815 193//815 194//815
f 992//816 1365//816 1592//816 1366//816
f 996//817 997//817 732//817 995//817
f 518//818 516//818 430//818
f 989//819 729//819 201//819 728//819
f 1586//820 1364//820 988//820 1363//820
f 205//821 204//821 730//821 207//821
f 1000//822 1369//822 1604//822 1370//822
f 729//823 989//823 990//823 991//823
f 731//824 993//824 994//824 995//824
f 203//825 202//825 204//825 205//825
f 206//826 205//826 207//826 208//826
f 426//827 209//827 211//827 212//827
f 1368//828 998//828 997//828 996//828
f 733//829 997//829 998//829 999//829
f 209//830 426//830 525//830 427//830
f 217//831 216//831 734//831 219//831
f 736//832 735//832 1001//832
f 222//833 220//833 219//833
f 228//834 226//834 738//834
f 227//835 225//835 224//835
f 536//836 535//836 534//836
f 218//837 217//837 219//837 220//837
f 737//838 736//838 1004//838 739//838
f 13//839 88//839 84//839
f 226//840 228//840 224//840
f 1005//841 739//841 1004//841
f 221//842 220//842 223//842
f 420//843 227//843 229//843 230//843
f 1002//844 1004//844 736//844
f 229//845 228//845 741//845 231//845
f 228//846 738//846 740//846 741//846
f 1620//847 1619//847 1723//847 1621//847
f 1010//848 744//848 743//848 742//848
f 1623//849 1724//849 1878//849 1725//849
f 1730//850 1629//850 1728//850 1729//850
f 745//851 237//851 235//851 234//851
f 1020//852 1019//852 1380//852 1021//852
f 1728//853 1727//853 1881//853 1737//853
f 1628//854 1627//854 1726//854 1727//854
f 1018//855 752//855 751//855 750//855
f 1020//856 754//856 753//856 752//856
f 245//857 244//857 246//857 247//857
f 753//858 249//858 247//858 246//858
f 1025//859 1023//859 1381//859 1382//859
f 257//860 256//860 258//860 259//860
f 760//861 1931//861 763//861
f 761//862 760//862 763//862 762//862
f 759//863 261//863 259//863 258//863
f 566//864 565//864 412//864 568//864
f 765//865 764//865 1031//865 1032//865
f 764//866 763//866 84//866 1031//866
f 87//867 86//867 73//867
f 767//868 269//868 268//868 766//868
f 269//869 767//869 768//869 769//869
f 1400//870 1038//870 772//870 1037//870
f 587//871 93//871 15//871 586//871
f 774//872 773//872 772//872 1038//872
f 341//873 272//873 339//873 340//873
f 1406//874 1041//874 778//874 1040//874
f 351//875 350//875 336//875
f 392//876 364//876 389//876 391//876
f 274//877 273//877 773//877 275//877
f 1037//878 772//878 771//878 770//878
f 774//879 775//879 275//879 773//879
f 401//880 349//880 399//880 400//880
f 784//881 1043//881 1412//881 1044//881
f 114//882 113//882 344//882
f 277//883 775//883 776//883 777//883
f 1402//884 1039//884 774//884 1038//884
f 775//885 277//885 276//885 275//885
f 1970//886 404//886 403//886 402//886
f 333//887 280//887 331//887 332//887
f 83//888 12//888 82//888
f 779//889 281//889 280//889 279//889
f 350//890 338//890 337//890 336//890
f 345//891 340//891 347//891
f 1041//892 780//892 779//892 778//892
f 283//893 781//893 782//893 783//893
f 353//894 336//894 335//894 334//894
f 282//895 281//895 781//895 283//895
f 351//896 336//896 353//896
f 285//897 783//897 784//897 785//897
f 1410//898 1043//898 782//898 1042//898
f 783//899 285//899 284//899 283//899
f 356//900 334//900 333//900 332//900
f 325//901 288//901 323//901 324//901
f 363//902 362//902 328//902
f 792//903 1047//903 1420//903 1048//903
f 1049//904 795//904 1048//904
f 362//905 330//905 329//905 328//905
f 357//906 332//906 359//906
f 795//907 794//907 793//907
f 1045//908 788//908 787//908 786//908
f 790//909 791//909 291//909 789//909
f 365//910 328//910 327//910 326//910
f 290//911 289//911 789//911 291//911
f 363//912 328//912 365//912
f 293//913 791//913 792//913 793//913
f 1418//914 1047//914 790//914 1046//914
f 791//915 293//915 292//915 291//915
f 314//916 315//916 296//916
f 368//917 326//917 325//917 324//917
f 297//918 296//918 295//918
f 1053//919 801//919 799//919 798//919
f 297//920 295//920 794//920
f 375//921 374//921 320//921
f 304//922 303//922 302//922
f 1058//923 1057//923 803//923 1056//923
f 369//924 324//924 371//924
f 797//925 1051//925 1052//925 798//925
f 1054//926 801//926 1053//926
f 802//927 801//927 1054//927
f 1056//928 803//928 802//928 1054//928
f 311//929 313//929 303//929
f 798//930 1052//930 1258//930 1053//930
f 305//931 303//931 304//931
f 304//932 302//932 800//932
f 1255//933 1254//933 1257//933
f 613//934 591//934 612//934 611//934
f 305//935 304//935 306//935 307//935
f 799//936 302//936 301//936 300//936
f 314//937 296//937 298//937
f 1057//938 805//938 804//938 803//938
f 382//939 309//939 308//939
f 594//940 612//940 591//940 593//940
f 1061//941 1060//941 1258//941 1257//941
f 609//942 808//942 809//942 610//942
f 607//943 806//943 808//943 609//943
f 812//944 615//944 614//944
f 817//945 818//945 619//945 816//945
f 818//946 620//946 619//946
f 1063//947 1064//947 819//947
f 817//948 816//948 815//948 1062//948
f 616//949 16//949 94//949
f 1062//950 1061//950 1257//950 1254//950
f 16//951 616//951 93//951
f 821//952 822//952 621//952 820//952
f 1064//953 821//953 820//953 819//953
f 825//954 1066//954 1247//954 1067//954
f 820//955 818//955 819//955
f 623//956 824//956 825//956 826//956
f 823//957 1065//957 1249//957 1066//957
f 624//958 826//958 827//958 828//958
f 1069//959 1068//959 1243//959 1241//959
f 1242//960 1243//960 1244//960 1264//960
f 1070//961 1239//961 1071//961 831//961
f 1071//962 1239//962 1238//962 1237//962
f 830//963 626//963 625//963 829//963
f 1068//964 1069//964 828//964 827//964
f 626//965 830//965 627//965 564//965
f 1238//966 1240//966 1266//966 1267//966
f 832//967 831//967 1071//967 833//967
f 843//968 1076//968 1227//968 1077//968
f 629//969 834//969 835//969 836//969
f 839//970 840//970 631//970 838//970
f 833//971 1071//971 1237//971 1072//971
f 630//972 836//972 837//972 838//972
f 839//973 1074//973 1231//973 1075//973
f 1234//974 1268//974 1426//974 1269//974
f 1428//975 1270//975 1232//975 1269//975
f 1230//976 1270//976 1430//976 1271//976
f 851//977 1080//977 1219//977 1081//977
f 632//978 840//978 841//978 842//978
f 1074//979 839//979 838//979 837//979
f 1078//980 845//980 1077//980 1225//980
f 847//981 848//981 635//981 846//981
f 841//982 1075//982 1229//982 1076//982
f 634//983 844//983 845//983 846//983
f 847//984 1078//984 1223//984 1079//984
f 1082//985 1217//985 1216//985 1215//985
f 859//986 1084//986 1211//986 1085//986
f 636//987 848//987 849//987 850//987
f 1078//988 847//988 846//988 845//988
f 637//989 850//989 851//989 852//989
f 1274//990 1222//990 1223//990 1224//990
f 855//991 856//991 639//991 854//991
f 849//992 1079//992 1221//992 1080//992
f 638//993 852//993 853//993 854//993
f 855//994 1082//994 1215//994 1083//994
f 1212//995 1211//995 1084//995 1213//995
f 1204//996 1203//996 1088//996 1206//996
f 640//997 856//997 857//997 858//997
f 1082//998 855//998 854//998 853//998
f 1444//999 1278//999 1216//999 1277//999
f 641//1000 858//1000 859//1000 860//1000
f 1087//1001 862//1001 861//1001 1086//1001
f 857//1002 1083//1002 1213//1002 1084//1002
f 861//1003 862//1003 642//1003 860//1003
f 863//1004 643//1004 642//1004 862//1004
f 863//1005 862//1005 1087//1005 864//1005
f 1088//1006 866//1006 865//1006 864//1006
f 864//1007 1087//1007 1206//1007 1088//1007
f 647//1008 869//1008 870//1008 871//1008
f 1089//1009 866//1009 1088//1009 1203//1009
f 868//1010 869//1010 646//1010 867//1010
f 1192//1011 1191//1011 1092//1011 1194//1011
f 878//1012 1094//1012 1095//1012
f 1089//1013 868//1013 867//1013 866//1013
f 648//1014 871//1014 872//1014 873//1014
f 874//1015 1092//1015 1191//1015 1093//1015
f 870//1016 1090//1016 1197//1016 1091//1016
f 649//1017 873//1017 874//1017 875//1017
f 650//1018 493//1018 494//1018
f 1286//1019 1193//1019 1195//1019 1196//1019
f 876//1020 877//1020 650//1020 875//1020
f 1181//1021 1183//1021 1185//1021
f 878//1022 877//1022 876//1022
f 882//1023 881//1023 1096//1023
f 1181//1024 1182//1024 1180//1024
f 1093//1025 876//1025 875//1025 874//1025
f 877//1026 879//1026 651//1026
f 1095//1027 881//1027 879//1027 878//1027
f 488//1028 490//1028 652//1028
f 881//1029 880//1029 879//1029
f 879//1030 877//1030 878//1030
f 488//1031 652//1031 653//1031
f 1099//1032 887//1032 886//1032 885//1032
f 1100//1033 889//1033 888//1033 887//1033
f 653//1034 880//1034 882//1034 883//1034
f 490//1035 488//1035 489//1035
f 656//1036 886//1036 887//1036 888//1036
f 1101//1037 889//1037 1100//1037 1912//1037
f 891//1038 1101//1038 1913//1038 1102//1038
f 659//1039 892//1039 893//1039 894//1039
f 891//1040 892//1040 658//1040 890//1040
f 1104//1041 1915//1041 1158//1041 1916//1041
f 1109//1042 1108//1042 1149//1042 1147//1042
f 1101//1043 891//1043 890//1043 889//1043
f 660//1044 894//1044 895//1044 896//1044
f 897//1045 1104//1045 1916//1045 1105//1045
f 893//1046 1102//1046 1914//1046 1103//1046
f 661//1047 896//1047 897//1047 898//1047
f 901//1048 902//1048 663//1048 900//1048
f 899//1049 900//1049 662//1049 898//1049
f 1113//1050 909//1050 908//1050
f 1105//1051 899//1051 898//1051 897//1051
f 664//1052 902//1052 903//1052 665//1052
f 904//1053 903//1053 1107//1053 1108//1053
f 901//1054 1106//1054 1918//1054 1107//1054
f 668//1055 667//1055 908//1055 909//1055
f 905//1056 904//1056 1108//1056 1109//1056
f 666//1057 665//1057 903//1057 904//1057
f 1142//1058 1141//1058 1111//1058 1143//1058
f 43//1059 5//1059 44//1059
f 1921//1060 1922//1060 1115//1060 1920//1060
f 911//1061 668//1061 909//1061 910//1061
f 1137//1062 1136//1062 1138//1062 1139//1062
f 912//1063 913//1063 669//1063 911//1063
f 45//1064 668//1064 911//1064 669//1064
f 1112//1065 908//1065 907//1065
f 1117//1066 912//1066 1116//1066 1118//1066
f 42//1067 670//1067 671//1067 461//1067
f 914//1068 670//1068 669//1068 913//1068
f 1126//1069 1125//1069 1124//1069 1123//1069
f 917//1070 916//1070 918//1070
f 672//1071 671//1071 915//1071
f 915//1072 671//1072 670//1072
f 678//1073 920//1073 921//1073
f 914//1074 674//1074 915//1074
f 920//1075 678//1075 919//1075
f 680//1076 677//1076 678//1076 679//1076
f 920//1077 1117//1077 1118//1077 1119//1077
f 1929//1078 1924//1078 1120//1078 1923//1078
f 924//1079 683//1079 682//1079 922//1079
f 1119//1080 923//1080 921//1080 920//1080
f 929//1081 689//1081 688//1081 928//1081
f 1124//1082 70//1082 72//1082
f 1317//1083 1316//1083 1514//1083 1318//1083
f 686//1084 926//1084 927//1084 928//1084
f 692//1085 28//1085 691//1085
f 72//1086 925//1086 1121//1086 1122//1086
f 71//1087 926//1087 684//1087 683//1087
f 9//1088 71//1088 72//1088
f 1966//1089 47//1089 46//1089
f 1686//1090 1802//1090 1893//1090 1803//1090
f 692//1091 690//1091 931//1091
f 127//1092 51//1092 129//1092
f 21//1093 931//1093 930//1093 932//1093
f 1942//1094 27//1094 30//1094
f 1910//1095 1176//1095 1174//1095 1173//1095
f 937//1096 936//1096 938//1096 939//1096
f 1515//1097 32//1097 1323//1097 1322//1097
f 936//1098 935//1098 1327//1098 938//1098
f 969//1099 1345//1099 1346//1099 1347//1099
f 3//1100 28//1100 31//1100
f 1900//1101 1329//1101 941//1101 1328//1101
f 940//1102 939//1102 941//1102 942//1102
f 945//1103 943//1103 942//1103 944//1103
f 944//1104 1329//1104 1905//1104 1330//1104
f 1332//1105 1907//1105 1896//1105 1908//1105
f 1329//1106 944//1106 942//1106 941//1106
f 949//1107 948//1107 950//1107 951//1107
f 946//1108 945//1108 947//1108 948//1108
f 945//1109 944//1109 1330//1109 947//1109
f 951//1110 950//1110 1332//1110 953//1110
f 952//1111 951//1111 953//1111 954//1111
f 955//1112 954//1112 956//1112 957//1112
f 955//1113 957//1113 1935//1113 1934//1113
f 1337//1114 961//1114 960//1114 959//1114
f 1334//1115 958//1115 957//1115 956//1115
f 169//1116 107//1116 442//1116
f 1908//1117 1333//1117 953//1117 1332//1117
f 111//1118 166//1118 165//1118 167//1118
f 1556//1119 1344//1119 1553//1119 1555//1119
f 22//1120 712//1120 711//1120 710//1120
f 959//1121 1335//1121 1336//1121 1337//1121
f 1345//1122 1344//1122 1556//1122 1346//1122
f 1574//1123 1576//1123 1577//1123 1358//1123
f 1568//1124 1570//1124 1571//1124 1354//1124
f 720//1125 972//1125 973//1125 974//1125
f 1353//1126 977//1126 976//1126 975//1126
f 1569//1127 1703//1127 1835//1127 1704//1127
f 971//1128 1347//1128 1348//1128 1349//1128
f 975//1129 976//1129 721//1129 974//1129
f 1583//1130 1362//1130 1580//1130 1582//1130
f 1350//1131 1351//1131 973//1131 1349//1131
f 722//1132 186//1132 184//1132 183//1132
f 1357//1133 981//1133 980//1133 979//1133
f 975//1134 1351//1134 1352//1134 1353//1134
f 723//1135 978//1135 979//1135 980//1135
f 977//1136 1353//1136 1354//1136 1355//1136
f 724//1137 980//1137 981//1137 982//1137
f 1361//1138 985//1138 984//1138 983//1138
f 979//1139 1355//1139 1356//1139 1357//1139
f 725//1140 982//1140 983//1140 984//1140
f 1588//1141 1589//1141 1364//1141 1586//1141
f 1363//1142 1583//1142 1585//1142 1586//1142
f 1358//1143 1359//1143 981//1143 1357//1143
f 726//1144 198//1144 196//1144 195//1144
f 1364//1145 990//1145 989//1145 988//1145
f 983//1146 1359//1146 1360//1146 1361//1146
f 987//1147 728//1147 199//1147 727//1147
f 985//1148 1361//1148 1362//1148 986//1148
f 988//1149 989//1149 728//1149 987//1149
f 990//1150 1364//1150 1589//1150 1365//1150
f 1365//1151 992//1151 991//1151 990//1151
f 730//1152 991//1152 992//1152 993//1152
f 1598//1153 1597//1153 1599//1153 1600//1153
f 1368//1154 1598//1154 1600//1154 1601//1154
f 1610//1155 1612//1155 1373//1155
f 736//1156 1001//1156 1002//1156
f 1373//1157 1006//1157 1372//1157
f 1367//1158 996//1158 995//1158 994//1158
f 1369//1159 1000//1159 999//1159 998//1159
f 734//1160 999//1160 1000//1160 1001//1160
f 1372//1161 1371//1161 1607//1161
f 738//1162 737//1162 739//1162
f 737//1163 735//1163 736//1163
f 1008//1164 742//1164 741//1164 740//1164
f 1007//1165 1006//1165 1373//1165
f 1372//1166 1006//1166 1004//1166 1003//1166
f 742//1167 1008//1167 1009//1167 1010//1167
f 1005//1168 1004//1168 1006//1168
f 739//1169 740//1169 738//1169
f 1617//1170 1618//1170 1376//1170 1616//1170
f 232//1171 231//1171 743//1171 234//1171
f 76//1172 11//1172 74//1172
f 1008//1173 1007//1173 1374//1173 1009//1173
f 1006//1174 1007//1174 1005//1174
f 740//1175 1005//1175 1007//1175 1008//1175
f 1614//1176 1375//1176 1009//1176 1374//1176
f 1616//1177 1376//1177 1011//1177 1375//1177
f 1014//1178 1013//1178 1377//1178 1015//1178
f 1618//1179 1377//1179 1013//1179 1376//1179
f 1016//1180 1015//1180 1378//1180 1017//1180
f 1620//1181 1378//1181 1015//1181 1377//1181
f 1624//1182 1623//1182 1725//1182 1625//1182
f 1622//1183 1379//1183 1017//1183 1378//1183
f 1624//1184 1380//1184 1019//1184 1379//1184
f 1022//1185 1021//1185 1381//1185 1023//1185
f 1626//1186 1381//1186 1021//1186 1380//1186
f 58//1187 1025//1187 1382//1187 1383//1187
f 1383//1188 1382//1188 1627//1188 1628//1188
f 1024//1189 76//1189 757//1189 756//1189
f 75//1190 1024//1190 1023//1190 1025//1190
f 765//1191 267//1191 266//1191 764//1191
f 1389//1192 1029//1192 1387//1192 1388//1192
f 1736//1193 1641//1193 1735//1193 1729//1193
f 1925//1194 1926//1194 66//1194 1127//1194
f 1026//1195 1027//1195 73//1195 75//1195
f 88//1196 1029//1196 1389//1196 1030//1196
f 1393//1197 1635//1197 1636//1197 1394//1197
f 1031//1198 1030//1198 1391//1198 1032//1198
f 776//1199 1039//1199 1404//1199 1040//1199
f 1394//1200 1035//1200 1034//1200 1393//1200
f 1397//1201 1435//1201 1434//1201 1433//1201
f 1035//1202 1394//1202 1395//1202 1396//1202
f 1040//1203 1404//1203 1405//1203 1406//1203
f 1431//1204 1401//1204 1400//1204 1399//1204
f 1407//1205 1425//1205 1424//1205 1423//1205
f 1415//1206 1416//1206 1045//1206 1414//1206
f 1421//1207 1050//1207 1048//1207 1420//1207
f 1258//1208 1052//1208 1256//1208 1257//1208
f 800//1209 799//1209 801//1209
f 1050//1210 1051//1210 1049//1210
f 1422//1211 1421//1211 1259//1211
f 1051//1212 1422//1212 1256//1212 1052//1212
f 819//1213 818//1213 817//1213
f 1054//1214 1055//1214 1056//1214
f 813//1215 1059//1215 1060//1215
f 809//1216 1058//1216 811//1216 810//1216
f 811//1217 1058//1217 1056//1217 1059//1217
f 821//1218 1064//1218 1251//1218 1065//1218
f 1070//1219 829//1219 828//1219 1069//1219
f 1059//1220 813//1220 811//1220
f 1418//1221 1417//1221 1261//1221 1419//1221
f 1248//1222 1247//1222 1066//1222 1249//1222
f 1066//1223 825//1223 824//1223 823//1223
f 1244//1224 1245//1224 1246//1224 1263//1224
f 835//1225 1072//1225 1235//1225 1073//1225
f 1238//1226 1239//1226 1241//1226 1240//1226
f 1072//1227 835//1227 834//1227 833//1227
f 1236//1228 1237//1228 1238//1228 1267//1228
f 1076//1229 843//1229 842//1229 841//1229
f 1222//1230 1274//1230 1438//1230 1275//1230
f 1080//1231 851//1231 850//1231 849//1231
f 1285//1232 1458//1232 1459//1232 1460//1232
f 1084//1233 859//1233 858//1233 857//1233
f 1280//1234 1212//1234 1279//1234 1448//1234
f 1201//1235 1200//1235 1089//1235 1203//1235
f 872//1236 1091//1236 1194//1236 1092//1236
f 1205//1237 1283//1237 1202//1237 1204//1237
f 1091//1238 872//1238 871//1238 870//1238
f 1910//1239 1099//1239 885//1239 1098//1239
f 653//1240 652//1240 880//1240
f 1096//1241 881//1241 1095//1241
f 895//1242 1103//1242 1915//1242 1104//1242
f 1098//1243 883//1243 882//1243 1097//1243
f 882//1244 1096//1244 1179//1244 1097//1244
f 1103//1245 895//1245 894//1245 893//1245
f 1107//1246 903//1246 902//1246 901//1246
f 1114//1247 1113//1247 1138//1247
f 1111//1248 907//1248 1110//1248
f 1143//1249 1110//1249 1144//1249
f 1138//1250 1113//1250 1112//1250 1139//1250
f 1151//1251 1150//1251 1152//1251 1153//1251
f 683//1252 925//1252 71//1252
f 1141//1253 1139//1253 1112//1253 1111//1253
f 916//1254 674//1254 914//1254
f 915//1255 670//1255 914//1255
f 1928//1256 1927//1256 1926//1256
f 920//1257 919//1257 1117//1257
f 1921//1258 1928//1258 1926//1258 1929//1258
f 69//1259 926//1259 71//1259
f 72//1260 71//1260 925//1260
f 1925//1261 1127//1261 1126//1261 1123//1261
f 1121//1262 923//1262 1119//1262 1120//1262
f 925//1263 924//1263 1121//1263
f 9//1264 72//1264 70//1264
f 1124//1265 72//1265 1122//1265 1123//1265
f 1128//1266 63//1266 1126//1266 1127//1266
f 79//1267 265//1267 762//1267 266//1267
f 1316//1268 1317//1268 1124//1268 1125//1268
f 12//1269 80//1269 79//1269
f 67//1270 66//1270 1927//1270
f 1133//1271 1132//1271 1930//1271 1135//1271
f 264//1272 262//1272 10//1272 265//1272
f 1309//1273 1129//1273 1130//1273 1131//1273
f 762//1274 265//1274 10//1274 761//1274
f 1511//1275 1510//1275 1679//1275 1680//1275
f 9//1276 68//1276 69//1276
f 1673//1277 1508//1277 1311//1277 1507//1277
f 1311//1278 1310//1278 1506//1278 1507//1278
f 1134//1279 1133//1279 1135//1279 1136//1279
f 1308//1280 1131//1280 1133//1280 1134//1280
f 1305//1281 1140//1281 1141//1281 1142//1281
f 1505//1282 1309//1282 1131//1282 1308//1282
f 1148//1283 1147//1283 1149//1283 1150//1283
f 1118//1284 1116//1284 1922//1284 1923//1284
f 1309//1285 1505//1285 1506//1285 1310//1285
f 1306//1286 1307//1286 1137//1286 1140//1286
f 1922//1287 1116//1287 910//1287 1115//1287
f 1676//1288 1677//1288 1509//1288 1675//1288
f 1111//1289 1110//1289 1143//1289
f 1919//1290 1115//1290 1114//1290
f 1303//1291 1304//1291 1145//1291
f 1113//1292 908//1292 1112//1292
f 1302//1293 1146//1293 1147//1293 1148//1293
f 1792//1294 1671//1294 1670//1294 1791//1294
f 1144//1295 1145//1295 1143//1295
f 1142//1296 1143//1296 1145//1296 1304//1296
f 1142//1297 1304//1297 1498//1297 1305//1297
f 1494//1298 1303//1298 1146//1298 1302//1298
f 1148//1299 1301//1299 1492//1299 1302//1299
f 1929//1300 1923//1300 1922//1300 1921//1300
f 1920//1301 1930//1301 1921//1301
f 1153//1302 1152//1302 1917//1302 1155//1302
f 1486//1303 1299//1303 1157//1303 1298//1303
f 1115//1304 1919//1304 1920//1304
f 1299//1305 1154//1305 1156//1305 1157//1305
f 1154//1306 1299//1306 1488//1306 1300//1306
f 1160//1307 1162//1307 1163//1307 1297//1307
f 1163//1308 1162//1308 1164//1308 1165//1308
f 1160//1309 1297//1309 1484//1309 1298//1309
f 1659//1310 1485//1310 1484//1310 1483//1310
f 1166//1311 1165//1311 1167//1311 1168//1311
f 1913//1312 1167//1312 1165//1312 1164//1312
f 1168//1313 1167//1313 1912//1313 1170//1313
f 1169//1314 1168//1314 1170//1314 1171//1314
f 1295//1315 1166//1315 1168//1315 1169//1315
f 1172//1316 1171//1316 1173//1316 1174//1316
f 1166//1317 1295//1317 1480//1317 1296//1317
f 1298//1318 1484//1318 1485//1318 1486//1318
f 1175//1319 1174//1319 1176//1319 1177//1319
f 1478//1320 1295//1320 1169//1320 1294//1320
f 1172//1321 1293//1321 1476//1321 1294//1321
f 1175//1322 1292//1322 1474//1322 1293//1322
f 1178//1323 1292//1323 1175//1323 1177//1323
f 1188//1324 1186//1324 1185//1324
f 1193//1325 1192//1325 1194//1325 1195//1325
f 1183//1326 1181//1326 1180//1326
f 1187//1327 1186//1327 1189//1327
f 1187//1328 1184//1328 1186//1328
f 1182//1329 1290//1329 1291//1329
f 1187//1330 1288//1330 1466//1330 1289//1330
f 1184//1331 1181//1331 1185//1331 1186//1331
f 1190//1332 1189//1332 1191//1332 1192//1332
f 1292//1333 1472//1333 1473//1333 1474//1333
f 1189//1334 1186//1334 1188//1334
f 1287//1335 1190//1335 1192//1335 1193//1335
f 1196//1336 1195//1336 1197//1336 1198//1336
f 1199//1337 1198//1337 1200//1337 1201//1337
f 1193//1338 1286//1338 1462//1338 1287//1338
f 1199//1339 1201//1339 1202//1339 1284//1339
f 1199//1340 1284//1340 1458//1340 1285//1340
f 1210//1341 1280//1341 1450//1341 1281//1341
f 1202//1342 1283//1342 1456//1342 1284//1342
f 1205//1343 1282//1343 1454//1343 1283//1343
f 1212//1344 1213//1344 1214//1344 1279//1344
f 1198//1345 1197//1345 1090//1345 1200//1345
f 1087//1346 1086//1346 1207//1346 1206//1346
f 1740//1347 1644//1347 1453//1347 1643//1347
f 1086//1348 1209//1348 1208//1348 1207//1348
f 1085//1349 1211//1349 1210//1349 1209//1349
f 1449//1350 1450//1350 1280//1350 1448//1350
f 1214//1351 1278//1351 1446//1351 1279//1351
f 1220//1352 1275//1352 1440//1352 1276//1352
f 1226//1353 1272//1353 1434//1353 1273//1353
f 1214//1354 1213//1354 1083//1354 1215//1354
f 1218//1355 1276//1355 1442//1355 1277//1355
f 1220//1356 1221//1356 1222//1356 1275//1356
f 1216//1357 1278//1357 1214//1357 1215//1357
f 1436//1358 1274//1358 1224//1358 1273//1358
f 1273//1359 1224//1359 1225//1359 1226//1359
f 1218//1360 1217//1360 1081//1360 1219//1360
f 1443//1361 1444//1361 1277//1361 1442//1361
f 1220//1362 1219//1362 1080//1362 1221//1362
f 1078//1363 1225//1363 1224//1363 1223//1363
f 1228//1364 1271//1364 1432//1364 1272//1364
f 1079//1365 1223//1365 1222//1365 1221//1365
f 1077//1366 1227//1366 1226//1366 1225//1366
f 1433//1367 1434//1367 1272//1367 1432//1367
f 1228//1368 1227//1368 1076//1368 1229//1368
f 1240//1369 1241//1369 1243//1369 1242//1369
f 1234//1370 1235//1370 1236//1370 1268//1370
f 1230//1371 1229//1371 1075//1371 1231//1371
f 1423//1372 1266//1372 1265//1372 1409//1372
f 1232//1373 1231//1373 1074//1373 1233//1373
f 1073//1374 1235//1374 1234//1374 1233//1374
f 1072//1375 1237//1375 1236//1375 1235//1375
f 1265//1376 1266//1376 1240//1376 1242//1376
f 1411//1377 1265//1377 1242//1377 1264//1377
f 1250//1378 1261//1378 1248//1378 1249//1378
f 1268//1379 1424//1379 1425//1379 1426//1379
f 1239//1380 1070//1380 1069//1380 1241//1380
f 1250//1381 1260//1381 1419//1381 1261//1381
f 1246//1382 1262//1382 1415//1382 1263//1382
f 1246//1383 1247//1383 1248//1383 1262//1383
f 1244//1384 1263//1384 1413//1384 1264//1384
f 1244//1385 1243//1385 1068//1385 1245//1385
f 1248//1386 1261//1386 1417//1386 1262//1386
f 1256//1387 1259//1387 1255//1387
f 1252//1388 1259//1388 1421//1388 1260//1388
f 1255//1389 1259//1389 1252//1389 1253//1389
f 1064//1390 1253//1390 1252//1390 1251//1390
f 1256//1391 1255//1391 1257//1391
f 1063//1392 819//1392 817//1392
f 814//1393 812//1393 813//1393
f 1260//1394 1421//1394 1420//1394 1419//1394
f 1059//1395 1055//1395 1060//1395
f 1254//1396 1255//1396 1253//1396
f 1250//1397 1249//1397 1065//1397 1251//1397
f 1260//1398 1250//1398 1251//1398 1252//1398
f 1063//1399 1253//1399 1064//1399
f 1269//1400 1426//1400 1427//1400 1428//1400
f 1403//1401 1429//1401 1428//1401 1427//1401
f 1236//1402 1267//1402 1424//1402 1268//1402
f 1232//1403 1270//1403 1230//1403 1231//1403
f 1637//1404 1441//1404 1440//1404 1439//1404
f 1226//1405 1227//1405 1228//1405 1272//1405
f 1230//1406 1271//1406 1228//1406 1229//1406
f 1448//1407 1447//1407 1641//1407 1449//1407
f 1220//1408 1276//1408 1218//1408 1219//1408
f 1449//1409 1641//1409 1736//1409 1642//1409
f 1456//1410 1455//1410 1645//1410 1457//1410
f 1210//1411 1211//1411 1212//1411 1280//1411
f 1457//1412 1645//1412 1744//1412 1646//1412
f 1452//1413 1282//1413 1208//1413 1281//1413
f 1460//1414 1459//1414 1647//1414 1461//1414
f 1202//1415 1201//1415 1203//1415 1204//1415
f 1649//1416 1465//1416 1464//1416 1463//1416
f 1654//1417 1760//1417 1761//1417 1762//1417
f 1476//1418 1475//1418 1655//1418 1477//1418
f 1184//1419 1182//1419 1181//1419
f 1289//1420 1290//1420 1182//1420 1184//1420
f 1475//1421 1654//1421 1762//1421 1655//1421
f 1658//1422 1483//1422 1482//1422 1481//1422
f 1477//1423 1655//1423 1764//1423 1656//1423
f 1178//1424 1291//1424 1472//1424 1292//1424
f 1294//1425 1169//1425 1171//1425 1172//1425
f 1172//1426 1174//1426 1175//1426 1293//1426
f 1662//1427 1491//1427 1490//1427 1489//1427
f 1298//1428 1157//1428 1159//1428 1160//1428
f 1787//1429 1788//1429 1667//1429 1786//1429
f 1148//1430 1150//1430 1151//1430 1301//1430
f 1497//1431 1665//1431 1784//1431 1666//1431
f 1157//1432 1156//1432 1158//1432 1159//1432
f 1154//1433 1153//1433 1155//1433 1156//1433
f 1663//1434 1493//1434 1492//1434 1491//1434
f 1305//1435 1498//1435 1499//1435 1500//1435
f 1920//1436 1135//1436 1930//1436
f 1505//1437 1504//1437 1670//1437 1506//1437
f 1135//1438 1920//1438 1919//1438
f 1308//1439 1503//1439 1504//1439 1505//1439
f 1919//1440 1114//1440 1138//1440
f 1927//1441 1928//1441 1132//1441
f 1132//1442 1928//1442 1930//1442
f 1503//1443 1308//1443 1134//1443 1307//1443
f 1508//1444 1313//1444 1312//1444 1311//1444
f 1131//1445 1130//1445 1132//1445 1133//1445
f 1316//1446 1125//1446 62//1446 1315//1446
f 1137//1447 1307//1447 1134//1447 1136//1447
f 64//1448 1312//1448 1313//1448 61//1448
f 9//1449 70//1449 68//1449
f 64//1450 8//1450 1312//1450
f 1315//1451 1314//1451 1512//1451 1513//1451
f 86//1452 77//1452 74//1452
f 1320//1453 1319//1453 1515//1453 1322//1453
f 1903//1454 1326//1454 1325//1454 1904//1454
f 63//1455 8//1455 62//1455
f 927//1456 69//1456 68//1456
f 688//1457 49//1457 687//1457
f 29//1458 933//1458 934//1458
f 1321//1459 1320//1459 1322//1459
f 1522//1460 1901//1460 1327//1460 1902//1460
f 1322//1461 1323//1461 1321//1461
f 23//1462 1935//1462 957//1462 958//1462
f 1520//1463 1519//1463 1687//1463 1521//1463
f 1904//1464 1325//1464 1324//1464 32//1464
f 1902//1465 1326//1465 1903//1465 1520//1465
f 1524//1466 1900//1466 1328//1466 1901//1466
f 1522//1467 1902//1467 1520//1467 1521//1467
f 1328//1468 941//1468 939//1468 938//1468
f 948//1469 947//1469 1331//1469 950//1469
f 1894//1470 1335//1470 1334//1470 1909//1470
f 1545//1471 1695//1471 1813//1471 1696//1471
f 1333//1472 956//1472 954//1472 953//1472
f 118//1473 458//1473 460//1473 459//1473
f 1809//1474 1694//1474 1539//1474 1693//1474
f 1804//1475 1691//1475 1530//1475 1690//1475
f 963//1476 1339//1476 1340//1476 1341//1476
f 1343//1477 967//1477 966//1477 965//1477
f 1341//1478 1340//1478 1550//1478 1342//1478
f 964//1479 1933//1479 962//1479 963//1479
f 965//1480 1341//1480 1342//1480 1343//1480
f 1830//1481 1831//1481 1829//1481
f 1349//1482 973//1482 972//1482 971//1482
f 1345//1483 969//1483 968//1483 967//1483
f 1347//1484 971//1484 970//1484 969//1484
f 1562//1485 1564//1485 1565//1485 1350//1485
f 1559//1486 1561//1486 1562//1486 1348//1486
f 1352//1487 1565//1487 1567//1487 1568//1487
f 1353//1488 1352//1488 1568//1488 1354//1488
f 1832//1489 1703//1489 1566//1489 1702//1489
f 1571//1490 1573//1490 1574//1490 1356//1490
f 1574//1491 1358//1491 1357//1491 1356//1491
f 1578//1492 1706//1492 1842//1492 1707//1492
f 1365//1493 1589//1493 1591//1493 1592//1493
f 740//1494 739//1494 1005//1494
f 1371//1495 1372//1495 1003//1495
f 1004//1496 1002//1496 1003//1496
f 1613//1497 1719//1497 1868//1497 1720//1497
f 1874//1498 1723//1498 1619//1498 1722//1498
f 1612//1499 1374//1499 1007//1499 1373//1499
f 1377//1500 1618//1500 1619//1500 1620//1500
f 1724//1501 1623//1501 1622//1501 1621//1501
f 1379//1502 1622//1502 1623//1502 1624//1502
f 1381//1503 1626//1503 1627//1503 1382//1503
f 1630//1504 1730//1504 1731//1504 1631//1504
f 1873//1505 1747//1505 1746//1505 1745//1505
f 88//1506 1028//1506 1029//1506
f 1387//1507 1386//1507 1630//1507 1631//1507
f 1632//1508 1631//1508 1731//1508 1732//1508
f 1386//1509 1027//1509 1026//1509 1385//1509
f 1796//1510 1815//1510 1814//1510
f 1389//1511 1388//1511 1633//1511 1390//1511
f 1891//1512 1892//1512 1890//1512
f 1029//1513 1027//1513 1386//1513 1387//1513
f 1631//1514 1632//1514 1388//1514 1387//1514
f 87//1515 1028//1515 88//1515
f 1032//1516 1391//1516 1392//1516 1033//1516
f 1392//1517 1634//1517 1635//1517 1393//1517
f 1437//1518 1395//1518 1394//1518 1636//1518
f 1036//1519 1396//1519 1397//1519 1398//1519
f 1432//1520 1431//1520 1399//1520 1433//1520
f 1038//1521 1400//1521 1401//1521 1402//1521
f 1396//1522 1395//1522 1435//1522 1397//1522
f 1425//1523 1407//1523 1406//1523 1405//1523
f 1429//1524 1403//1524 1402//1524 1401//1524
f 1039//1525 1402//1525 1403//1525 1404//1525
f 1042//1526 1408//1526 1409//1526 1410//1526
f 1408//1527 1041//1527 1406//1527 1407//1527
f 1404//1528 1403//1528 1427//1528 1405//1528
f 1405//1529 1427//1529 1426//1529 1425//1529
f 1044//1530 1412//1530 1413//1530 1414//1530
f 1043//1531 1410//1531 1411//1531 1412//1531
f 1422//1532 1050//1532 1421//1532
f 1046//1533 1416//1533 1417//1533 1418//1533
f 1047//1534 1418//1534 1419//1534 1420//1534
f 1259//1535 1256//1535 1422//1535
f 1051//1536 1050//1536 1422//1536
f 1050//1537 1049//1537 1048//1537
f 1416//1538 1415//1538 1262//1538 1417//1538
f 1414//1539 1413//1539 1263//1539 1415//1539
f 1410//1540 1409//1540 1265//1540 1411//1540
f 1264//1541 1413//1541 1412//1541 1411//1541
f 1423//1542 1424//1542 1267//1542 1266//1542
f 1270//1543 1428//1543 1429//1543 1430//1543
f 1232//1544 1233//1544 1234//1544 1269//1544
f 1431//1545 1432//1545 1271//1545 1430//1545
f 1430//1546 1429//1546 1401//1546 1431//1546
f 1273//1547 1434//1547 1435//1547 1436//1547
f 1443//1548 1638//1548 1733//1548 1639//1548
f 1274//1549 1436//1549 1437//1549 1438//1549
f 1395//1550 1437//1550 1436//1550 1435//1550
f 1439//1551 1440//1551 1275//1551 1438//1551
f 1638//1552 1441//1552 1637//1552 1734//1552
f 1433//1553 1399//1553 1398//1553 1397//1553
f 1441//1554 1442//1554 1276//1554 1440//1554
f 1636//1555 1439//1555 1438//1555 1437//1555
f 1445//1556 1639//1556 1732//1556 1640//1556
f 1451//1557 1642//1557 1738//1557 1643//1557
f 1638//1558 1443//1558 1442//1558 1441//1558
f 1447//1559 1640//1559 1735//1559 1641//1559
f 1278//1560 1444//1560 1445//1560 1446//1560
f 1639//1561 1445//1561 1444//1561 1443//1561
f 1447//1562 1448//1562 1279//1562 1446//1562
f 1277//1563 1216//1563 1217//1563 1218//1563
f 1281//1564 1450//1564 1451//1564 1452//1564
f 1640//1565 1447//1565 1446//1565 1445//1565
f 1282//1566 1452//1566 1453//1566 1454//1566
f 1738//1567 1737//1567 1881//1567 1739//1567
f 1643//1568 1453//1568 1452//1568 1451//1568
f 1455//1569 1644//1569 1742//1569 1645//1569
f 1283//1570 1454//1570 1455//1570 1456//1570
f 1755//1571 1754//1571 1753//1571
f 1646//1572 1459//1572 1458//1572 1457//1572
f 1284//1573 1456//1573 1457//1573 1458//1573
f 1644//1574 1455//1574 1454//1574 1453//1574
f 1459//1575 1646//1575 1746//1575 1647//1575
f 1463//1576 1648//1576 1750//1576 1649//1576
f 1471//1577 1470//1577 1469//1577
f 1286//1578 1460//1578 1461//1578 1462//1578
f 1461//1579 1647//1579 1748//1579 1648//1579
f 1287//1580 1462//1580 1463//1580 1464//1580
f 1465//1581 1466//1581 1288//1581 1464//1581
f 1470//1582 1472//1582 1291//1582
f 1467//1583 1289//1583 1466//1583
f 1473//1584 1653//1584 1760//1584 1654//1584
f 1468//1585 1467//1585 1466//1585
f 1469//1586 1651//1586 1756//1586 1652//1586
f 1184//1587 1187//1587 1289//1587
f 1470//1588 1291//1588 1290//1588
f 1475//1589 1476//1589 1293//1589 1474//1589
f 1652//1590 1471//1590 1469//1590
f 1096//1591 1095//1591 1183//1591
f 1472//1592 1471//1592 1653//1592 1473//1592
f 1469//1593 1470//1593 1290//1593 1467//1593
f 1471//1594 1652//1594 1653//1594
f 1481//1595 1657//1595 1768//1595 1658//1595
f 1774//1596 1661//1596 1487//1596 1660//1596
f 1295//1597 1478//1597 1479//1597 1480//1597
f 1296//1598 1480//1598 1481//1598 1482//1598
f 1483//1599 1484//1599 1297//1599 1482//1599
f 1657//1600 1481//1600 1480//1600 1479//1600
f 1485//1601 1659//1601 1772//1601 1660//1601
f 1489//1602 1661//1602 1776//1602 1662//1602
f 1665//1603 1496//1603 1664//1603
f 1299//1604 1486//1604 1487//1604 1488//1604
f 1660//1605 1487//1605 1486//1605 1485//1605
f 1300//1606 1488//1606 1489//1606 1490//1606
f 1783//1607 1837//1607 1836//1607
f 1493//1608 1663//1608 1780//1608 1664//1608
f 1491//1609 1492//1609 1301//1609 1490//1609
f 1661//1610 1489//1610 1488//1610 1487//1610
f 1302//1611 1492//1611 1493//1611 1494//1611
f 1495//1612 1494//1612 1496//1612
f 1304//1613 1303//1613 1495//1613
f 1664//1614 1496//1614 1494//1614 1493//1614
f 1145//1615 1146//1615 1303//1615
f 1495//1616 1303//1616 1494//1616
f 1501//1617 1667//1617 1788//1617 1668//1617
f 1499//1618 1666//1618 1786//1618 1667//1618
f 1306//1619 1500//1619 1501//1619 1502//1619
f 1498//1620 1497//1620 1666//1620 1499//1620
f 1307//1621 1306//1621 1502//1621 1503//1621
f 1794//1622 1674//1622 1673//1622 1672//1622
f 1502//1623 1501//1623 1668//1623 1669//1623
f 1671//1624 1507//1624 1506//1624 1670//1624
f 1504//1625 1669//1625 1791//1625 1670//1625
f 1316//1626 1315//1626 1513//1626 1514//1626
f 1508//1627 1673//1627 1674//1627 1675//1627
f 1312//1628 8//1628 65//1628
f 1678//1629 1796//1629 1814//1629 1797//1629
f 1817//1630 1796//1630 1676//1630 1795//1630
f 1511//1631 1512//1631 1314//1631 59//1631
f 62//1632 8//1632 64//1632
f 78//1633 77//1633 760//1633 759//1633
f 1685//1634 1517//1634 1683//1634 1684//1634
f 68//1635 70//1635 1317//1635
f 1516//1636 1682//1636 1683//1636 1517//1636
f 568//1637 411//1637 35//1637 36//1637
f 3//1638 27//1638 28//1638
f 1940//1639 700//1639 699//1639 698//1639
f 1977//1640 39//1640 1975//1640 1976//1640
f 1521//1641 1687//1641 1688//1641 1689//1641
f 1889//1642 1888//1642 1808//1642
f 1899//1643 1526//1643 1898//1643 1905//1643
f 1531//1644 1530//1644 1691//1644 1533//1644
f 1817//1645 1816//1645 1815//1645
f 1532//1646 1531//1646 1533//1646 1534//1646
f 1535//1647 1895//1647 1908//1647 1896//1647
f 1535//1648 1534//1648 1536//1648 1537//1648
f 1529//1649 1897//1649 1906//1649 1898//1649
f 1532//1650 1896//1650 1907//1650 1897//1650
f 1695//1651 1811//1651 1812//1651 1813//1651
f 1538//1652 1894//1652 1909//1652 1895//1652
f 1541//1653 1894//1653 1538//1653 1540//1653
f 1336//1654 1541//1654 1543//1654 1544//1654
f 1543//1655 1542//1655 1695//1655 1545//1655
f 1823//1656 1822//1656 1821//1656
f 1544//1657 1543//1657 1545//1657 1546//1657
f 1819//1658 1698//1658 1551//1658 1697//1658
f 1547//1659 1549//1659 1550//1659 1340//1659
f 1697//1660 1551//1660 1549//1660 1548//1660
f 1552//1661 1551//1661 1698//1661 1554//1661
f 1884//1662 1826//1662 1825//1662 1824//1662
f 1555//1663 1554//1663 1699//1663 1557//1663
f 1833//1664 1832//1664 1831//1664
f 1556//1665 1558//1665 1559//1665 1346//1665
f 1840//1666 1839//1666 1779//1666 1841//1666
f 1562//1667 1561//1667 1563//1667 1564//1667
f 1829//1668 1702//1668 1563//1668 1701//1668
f 1565//1669 1564//1669 1566//1669 1567//1669
f 1701//1670 1563//1670 1561//1670 1560//1670
f 1564//1671 1563//1671 1702//1671 1566//1671
f 1567//1672 1566//1672 1703//1672 1569//1672
f 1841//1673 1842//1673 1706//1673 1840//1673
f 1574//1674 1573//1674 1575//1674 1576//1674
f 1707//1675 1842//1675 1843//1675 1844//1675
f 1577//1676 1576//1676 1578//1676 1579//1676
f 1705//1677 1575//1677 1573//1677 1572//1677
f 1576//1678 1575//1678 1706//1678 1578//1678
f 1579//1679 1578//1679 1707//1679 1581//1679
f 1586//1680 1585//1680 1587//1680 1588//1680
f 1589//1681 1588//1681 1590//1681 1591//1681
f 1848//1682 1710//1682 1587//1682 1709//1682
f 1585//1683 1584//1683 1709//1683 1587//1683
f 1591//1684 1590//1684 1711//1684 1593//1684
f 1857//1685 1858//1685 1714//1685 1856//1685
f 1850//1686 1711//1686 1590//1686 1710//1686
f 1593//1687 1711//1687 1852//1687 1712//1687
f 1859//1688 1860//1688 1715//1688 1858//1688
f 1856//1689 1714//1689 1599//1689 1713//1689
f 1597//1690 1596//1690 1713//1690 1599//1690
f 1605//1691 1715//1691 1860//1691 1716//1691
f 1858//1692 1715//1692 1602//1692 1714//1692
f 1603//1693 1602//1693 1715//1693 1605//1693
f 1862//1694 1864//1694 1717//1694
f 1718//1695 1611//1695 1609//1695
f 1718//1696 1719//1696 1611//1696
f 1375//1697 1614//1697 1615//1697 1616//1697
f 1610//1698 1373//1698 1372//1698
f 1872//1699 1722//1699 1617//1699 1721//1699
f 1010//1700 1009//1700 1375//1700 1011//1700
f 1613//1701 1614//1701 1374//1701 1612//1701
f 1608//1702 1609//1702 1607//1702
f 1614//1703 1613//1703 1720//1703 1615//1703
f 1012//1704 1011//1704 1376//1704 1013//1704
f 1612//1705 1611//1705 1719//1705 1613//1705
f 1018//1706 1017//1706 1379//1706 1019//1706
f 1722//1707 1619//1707 1618//1707 1617//1707
f 1378//1708 1620//1708 1621//1708 1622//1708
f 1625//1709 1626//1709 1380//1709 1624//1709
f 1630//1710 1386//1710 1385//1710 1384//1710
f 1621//1711 1723//1711 1876//1711 1724//1711
f 1880//1712 1726//1712 1625//1712 1725//1712
f 1629//1713 1628//1713 1727//1713 1728//1713
f 1384//1714 1383//1714 1628//1714 1629//1714
f 1384//1715 1629//1715 1730//1715 1630//1715
f 1733//1716 1633//1716 1388//1716 1632//1716
f 1732//1717 1639//1717 1733//1717 1632//1717
f 1888//1718 1887//1718 1886//1718
f 1634//1719 1734//1719 1637//1719 1635//1719
f 1638//1720 1734//1720 1633//1720 1733//1720
f 1734//1721 1634//1721 1390//1721 1633//1721
f 1439//1722 1636//1722 1635//1722 1637//1722
f 1391//1723 1390//1723 1634//1723 1392//1723
f 1642//1724 1451//1724 1450//1724 1449//1724
f 1648//1725 1463//1725 1462//1725 1461//1725
f 1867//1726 1753//1726 1752//1726 1751//1726
f 1472//1727 1470//1727 1471//1727
f 1479//1728 1656//1728 1766//1728 1657//1728
f 1756//1729 1754//1729 1755//1729
f 1290//1730 1289//1730 1467//1730
f 1468//1731 1469//1731 1467//1731
f 1474//1732 1473//1732 1654//1732 1475//1732
f 1656//1733 1479//1733 1478//1733 1477//1733
f 1849//1734 1771//1734 1770//1734 1769//1734
f 1663//1735 1778//1735 1779//1735 1780//1735
f 1777//1736 1843//1736 1842//1736 1841//1736
f 1503//1737 1502//1737 1669//1737 1504//1737
f 1667//1738 1501//1738 1500//1738 1499//1738
f 1496//1739 1497//1739 1495//1739
f 1834//1740 1833//1740 1785//1740
f 1671//1741 1672//1741 1673//1741 1507//1741
f 1800//1742 1681//1742 1680//1742 1799//1742
f 1824//1743 1823//1743 1793//1743
f 1821//1744 1820//1744 1794//1744
f 1821//1745 1794//1745 1823//1745
f 1510//1746 1677//1746 1678//1746 1679//1746
f 1679//1747 1678//1747 1797//1747 1798//1747
f 1680//1748 1679//1748 1798//1748 1799//1748
f 60//1749 1509//1749 1677//1749 1510//1749
f 1512//1750 1511//1750 1680//1750 1681//1750
f 1514//1751 1513//1751 1682//1751 1516//1751
f 1513//1752 1512//1752 1681//1752 1682//1752
f 1803//1753 1804//1753 1690//1753 1688//1753
f 1520//1754 1903//1754 1518//1754 1519//1754
f 1519//1755 1685//1755 1686//1755 1687//1755
f 1891//1756 1808//1756 1807//1756 1806//1756
f 1538//1757 1537//1757 1539//1757 1540//1757
f 1522//1758 1521//1758 1689//1758 1523//1758
f 1893//1759 26//1759 1804//1759 1803//1759
f 1690//1760 1527//1760 1689//1760 1688//1760
f 1528//1761 1527//1761 1690//1761 1530//1761
f 1692//1762 1805//1762 1806//1762 1807//1762
f 1693//1763 1807//1763 1808//1763 1809//1763
f 1537//1764 1536//1764 1693//1764 1539//1764
f 1541//1765 1540//1765 1542//1765 1543//1765
f 1540//1766 1539//1766 1694//1766 1542//1766
f 1697//1767 1816//1767 1818//1767 1819//1767
f 1820//1768 1821//1768 1819//1768
f 1696//1769 1548//1769 1546//1769 1545//1769
f 1547//1770 1546//1770 1548//1770 1549//1770
f 1548//1771 1696//1771 1816//1771 1697//1771
f 1824//1772 1793//1772 1884//1772
f 1556//1773 1555//1773 1557//1773 1558//1773
f 1700//1774 1560//1774 1558//1774 1557//1774
f 1781//1775 1839//1775 1838//1775 1837//1775
f 1559//1776 1558//1776 1560//1776 1561//1776
f 1703//1777 1832//1777 1834//1777 1835//1777
f 1882//1778 1828//1778 1827//1778 1826//1778
f 1560//1779 1700//1779 1827//1779 1701//1779
f 1568//1780 1567//1780 1569//1780 1570//1780
f 1839//1781 1840//1781 1705//1781 1838//1781
f 1837//1782 1783//1782 1781//1782
f 1571//1783 1570//1783 1572//1783 1573//1783
f 1838//1784 1705//1784 1572//1784 1704//1784
f 1580//1785 1579//1785 1581//1785 1582//1785
f 1709//1786 1846//1786 1847//1786 1848//1786
f 1708//1787 1584//1787 1582//1787 1581//1787
f 1583//1788 1582//1788 1584//1788 1585//1788
f 1710//1789 1848//1789 1849//1789 1850//1789
f 1712//1790 1596//1790 1594//1790 1593//1790
f 1584//1791 1708//1791 1846//1791 1709//1791
f 1592//1792 1591//1792 1593//1792 1594//1792
f 1588//1793 1587//1793 1710//1793 1590//1793
f 1595//1794 1594//1794 1596//1794 1597//1794
f 1854//1795 1713//1795 1596//1795 1712//1795
f 1716//1796 1608//1796 1606//1796 1605//1796
f 1609//1797 1608//1797 1717//1797
f 1604//1798 1603//1798 1605//1798 1606//1798
f 1600//1799 1599//1799 1714//1799 1602//1799
f 1766//1800 1765//1800 1853//1800 1767//1800
f 1609//1801 1717//1801 1864//1801 1718//1801
f 1869//1802 1870//1802 1720//1802 1868//1802
f 1608//1803 1607//1803 1606//1803
f 1611//1804 1610//1804 1609//1804
f 1612//1805 1610//1805 1611//1805
f 1717//1806 1716//1806 1862//1806
f 1861//1807 1758//1807 1863//1807
f 1871//1808 1872//1808 1721//1808 1870//1808
f 1798//1809 1885//1809 1886//1809
f 1721//1810 1617//1810 1616//1810 1615//1810
f 1874//1811 1722//1811 1872//1811 1873//1811
f 1723//1812 1874//1812 1875//1812 1876//1812
f 1880//1813 1879//1813 1739//1813 1881//1813
f 1724//1814 1876//1814 1877//1814 1878//1814
f 1727//1815 1726//1815 1880//1815 1881//1815
f 1726//1816 1627//1816 1626//1816 1625//1816
f 1729//1817 1728//1817 1737//1817 1736//1817
f 1640//1818 1732//1818 1731//1818 1735//1818
f 1642//1819 1736//1819 1737//1819 1738//1819
f 1643//1820 1738//1820 1739//1820 1740//1820
f 1644//1821 1740//1821 1741//1821 1742//1821
f 1891//1822 1890//1822 1889//1822
f 1743//1823 1744//1823 1645//1823 1742//1823
f 1749//1824 1871//1824 1870//1824 1869//1824
f 1745//1825 1746//1825 1646//1825 1744//1825
f 1743//1826 1877//1826 1876//1826 1875//1826
f 1748//1827 1747//1827 1871//1827 1749//1827
f 1747//1828 1748//1828 1647//1828 1746//1828
f 1648//1829 1748//1829 1749//1829 1750//1829
f 1751//1830 1752//1830 1649//1830 1750//1830
f 1874//1831 1873//1831 1745//1831 1875//1831
f 1866//1832 1753//1832 1867//1832
f 1753//1833 1754//1833 1650//1833 1752//1833
f 1469//1834 1468//1834 1651//1834
f 1764//1835 1763//1835 1855//1835 1765//1835
f 1754//1836 1756//1836 1651//1836
f 1863//1837 1758//1837 1756//1837 1755//1837
f 1757//1838 1652//1838 1756//1838
f 1754//1839 1651//1839 1650//1839
f 1757//1840 1756//1840 1758//1840
f 1761//1841 1859//1841 1858//1841 1857//1841
f 1763//1842 1764//1842 1655//1842 1762//1842
f 1761//1843 1760//1843 1759//1843 1859//1843
f 1759//1844 1760//1844 1653//1844 1757//1844
f 1656//1845 1764//1845 1765//1845 1766//1845
f 1856//1846 1855//1846 1763//1846 1857//1846
f 1769//1847 1770//1847 1658//1847 1768//1847
f 1657//1848 1766//1848 1767//1848 1768//1848
f 1767//1849 1853//1849 1852//1849 1851//1849
f 1774//1850 1773//1850 1845//1850 1775//1850
f 1850//1851 1849//1851 1769//1851 1851//1851
f 1659//1852 1770//1852 1771//1852 1772//1852
f 1773//1853 1774//1853 1660//1853 1772//1853
f 1661//1854 1774//1854 1775//1854 1776//1854
f 1847//1855 1773//1855 1772//1855 1771//1855
f 1777//1856 1778//1856 1662//1856 1776//1856
f 1785//1857 1786//1857 1666//1857 1784//1857
f 1782//1858 1665//1858 1664//1858
f 1781//1859 1782//1859 1664//1859 1780//1859
f 1783//1860 1782//1860 1781//1860
f 1833//1861 1787//1861 1786//1861 1785//1861
f 1497//1862 1496//1862 1665//1862
f 1782//1863 1784//1863 1665//1863
f 1836//1864 1785//1864 1784//1864 1783//1864
f 1668//1865 1788//1865 1789//1865 1790//1865
f 1883//1866 1792//1866 1791//1866 1790//1866
f 1784//1867 1782//1867 1783//1867
f 1831//1868 1830//1868 1787//1868
f 1789//1869 1788//1869 1787//1869 1830//1869
f 1672//1870 1793//1870 1823//1870 1794//1870
f 1669//1871 1668//1871 1790//1871 1791//1871
f 1830//1872 1828//1872 1789//1872
f 1884//1873 1793//1873 1792//1873
f 1672//1874 1671//1874 1792//1874 1793//1874
f 1790//1875 1882//1875 1883//1875
f 1674//1876 1794//1876 1820//1876 1795//1876
f 1676//1877 1675//1877 1674//1877 1795//1877
f 1818//1878 1795//1878 1820//1878
f 1796//1879 1678//1879 1677//1879 1676//1879
f 1887//1880 1799//1880 1798//1880 1886//1880
f 1682//1881 1681//1881 1800//1881 1683//1881
f 1892//1882 1893//1882 1802//1882 1890//1882
f 1683//1883 1800//1883 1801//1883 1684//1883
f 1685//1884 1684//1884 1802//1884 1686//1884
f 1803//1885 1688//1885 1687//1885 1686//1885
f 1534//1886 1533//1886 1692//1886 1536//1886
f 1806//1887 1892//1887 1891//1887
f 1810//1888 1811//1888 1694//1888 1809//1888
f 934//1889 1325//1889 1326//1889 935//1889
f 1886//1890 1885//1890 1810//1890
f 1814//1891 1813//1891 1812//1891
f 1888//1892 1886//1892 1810//1892
f 1696//1893 1813//1893 1815//1893 1816//1893
f 1820//1894 1819//1894 1818//1894
f 1824//1895 1825//1895 1699//1895 1822//1895
f 1821//1896 1822//1896 1698//1896 1819//1896
f 1884//1897 1883//1897 1826//1897
f 1817//1898 1818//1898 1816//1898
f 1701//1899 1827//1899 1828//1899 1829//1899
f 1882//1900 1789//1900 1828//1900
f 1823//1901 1824//1901 1822//1901
f 1700//1902 1825//1902 1826//1902 1827//1902
f 1830//1903 1829//1903 1828//1903
f 1702//1904 1829//1904 1831//1904 1832//1904
f 1826//1905 1883//1905 1882//1905
f 1836//1906 1837//1906 1835//1906
f 1704//1907 1572//1907 1570//1907 1569//1907
f 1833//1908 1834//1908 1832//1908
f 1884//1909 1792//1909 1883//1909
f 1882//1910 1790//1910 1789//1910
f 1840//1911 1706//1911 1575//1911 1705//1911
f 1836//1912 1835//1912 1834//1912
f 1837//1913 1838//1913 1704//1913 1835//1913
f 1759//1914 1758//1914 1861//1914
f 1834//1915 1785//1915 1836//1915
f 1831//1916 1787//1916 1833//1916
f 1775//1917 1845//1917 1844//1917 1843//1917
f 1845//1918 1846//1918 1708//1918 1844//1918
f 1778//1919 1777//1919 1841//1919 1779//1919
f 1711//1920 1850//1920 1851//1920 1852//1920
f 1773//1921 1847//1921 1846//1921 1845//1921
f 1713//1922 1854//1922 1855//1922 1856//1922
f 1853//1923 1854//1923 1712//1923 1852//1923
f 1601//1924 1600//1924 1602//1924 1603//1924
f 1854//1925 1853//1925 1765//1925 1855//1925
f 1759//1926 1861//1926 1860//1926 1859//1926
f 1716//1927 1860//1927 1861//1927 1862//1927
f 1863//1928 1862//1928 1861//1928
f 1755//1929 1866//1929 1864//1929 1863//1929
f 1857//1930 1763//1930 1762//1930 1761//1930
f 1865//1931 1718//1931 1864//1931
f 1864//1932 1862//1932 1863//1932
f 1719//1933 1718//1933 1865//1933
f 1866//1934 1867//1934 1865//1934
f 1868//1935 1867//1935 1751//1935 1869//1935
f 1867//1936 1868//1936 1719//1936 1865//1936
f 1753//1937 1866//1937 1755//1937
f 1747//1938 1873//1938 1872//1938 1871//1938
f 1725//1939 1878//1939 1879//1939 1880//1939
f 1744//1940 1743//1940 1875//1940 1745//1940
f 1741//1941 1879//1941 1878//1941 1877//1941
f 1730//1942 1729//1942 1735//1942 1731//1942
f 1740//1943 1739//1943 1879//1943 1741//1943
f 1743//1944 1742//1944 1741//1944 1877//1944
f 1653//1945 1652//1945 1757//1945
f 1869//1946 1751//1946 1750//1946 1749//1946
f 1758//1947 1759//1947 1757//1947
f 1851//1948 1769//1948 1768//1948 1767//1948
f 1839//1949 1781//1949 1780//1949 1779//1949
f 1776//1950 1775//1950 1843//1950 1777//1950
f 1815//1951 1796//1951 1817//1951
f 1818//1952 1817//1952 1795//1952
f 1812//1953 1797//1953 1814//1953
f 1800//1954 1799//1954 1887//1954 1801//1954
f 1885//1955 1798//1955 1797//1955
f 1801//1956 1887//1956 1889//1956 1890//1956
f 1887//1957 1888//1957 1889//1957
f 1889//1958 1808//1958 1891//1958
f 1810//1959 1809//1959 1808//1959 1888//1959
f 1885//1960 1812//1960 1811//1960 1810//1960
f 1371//1961 1003//1961 1370//1961
f 1372//1962 1607//1962 1609//1962 1610//1962
f 1615//1963 1720//1963 1870//1963 1721//1963
f 1607//1964 1371//1964 1606//1964
f 1717//1965 1608//1965 1716//1965
f 1606//1966 1371//1966 1370//1966 1604//1966
f 1369//1967 1601//1967 1603//1967 1604//1967
f 1367//1968 1595//1968 1597//1968 1598//1968
f 1594//1969 1595//1969 1366//1969 1592//1969
f 1583//1970 1363//1970 986//1970 1362//1970
f 1848//1971 1847//1971 1771//1971 1849//1971
f 1565//1972 1352//1972 1351//1972 1350//1972
f 1355//1973 1354//1973 1571//1973 1356//1973
f 1343//1974 1342//1974 1553//1974 1344//1974
f 1559//1975 1348//1975 1347//1975 1346//1975
f 1542//1976 1694//1976 1811//1976 1695//1976
f 1553//1977 1552//1977 1554//1977 1555//1977
f 1547//1978 1340//1978 1339//1978 1338//1978
f 1822//1979 1699//1979 1554//1979 1698//1979
f 1547//1980 1338//1980 1544//1980 1546//1980
f 1797//1981 1812//1981 1885//1981
f 1532//1982 1534//1982 1535//1982 1896//1982
f 1807//1983 1693//1983 1536//1983 1692//1983
f 1538//1984 1895//1984 1535//1984 1537//1984
f 1533//1985 1691//1985 1805//1985 1692//1985
f 1897//1986 1529//1986 1531//1986 1532//1986
f 1318//1987 2//1987 1515//1987 1319//1987
f 1691//1988 1804//1988 26//1988 1805//1988
f 1331//1989 1906//1989 1897//1989 1907//1989
f 1330//1990 1905//1990 1898//1990 1906//1990
f 1329//1991 1900//1991 1899//1991 1905//1991
f 1522//1992 1523//1992 1524//1992 1901//1992
f 1527//1993 1525//1993 1523//1993 1689//1993
f 1516//1994 2//1994 1318//1994 1514//1994
f 255//1995 757//1995 76//1995 758//1995
f 1895//1996 1909//1996 1333//1996 1908//1996
f 1335//1997 1894//1997 1541//1997 1336//1997
f 1550//1998 1549//1998 1551//1998 1552//1998
f 1684//1999 1801//1999 1890//1999 1802//1999
f 1281//2000 1208//2000 1209//2000 1210//2000
f 1091//2001 1197//2001 1195//2001 1194//2001
f 1205//2002 1204//2002 1206//2002 1207//2002
f 1651//2003 1468//2003 1650//2003
f 1189//2004 1188//2004 1093//2004 1191//2004
f 1282//2005 1205//2005 1207//2005 1208//2005
f 1190//2006 1287//2006 1464//2006 1288//2006
f 1185//2007 1094//2007 1188//2007
f 1650//2008 1468//2008 1466//2008 1465//2008
f 1650//2009 1465//2009 1649//2009 1752//2009
f 1460//2010 1286//2010 1196//2010 1285//2010
f 1094//2011 878//2011 876//2011
f 1285//2012 1196//2012 1198//2012 1199//2012
f 1176//2013 1097//2013 1179//2013 1177//2013
f 1183//2014 1095//2014 1094//2014 1185//2014
f 1180//2015 1179//2015 1096//2015 1183//2015
f 1477//2016 1478//2016 1294//2016 1476//2016
f 1098//2017 1097//2017 1176//2017 1910//2017
f 1187//2018 1189//2018 1190//2018 1288//2018
f 1182//2019 1291//2019 1178//2019 1180//2019
f 1178//2020 1177//2020 1179//2020 1180//2020
f 1167//2021 1913//2021 1101//2021 1912//2021
f 1914//2022 1164//2022 1162//2022 1161//2022
f 1914//2023 1102//2023 1913//2023 1164//2023
f 1171//2024 1170//2024 1911//2024 1173//2024
f 1915//2025 1103//2025 1914//2025 1161//2025
f 1483//2026 1658//2026 1770//2026 1659//2026
f 1160//2027 1159//2027 1161//2027 1162//2027
f 1155//2028 1917//2028 1105//2028 1916//2028
f 1159//2029 1158//2029 1915//2029 1161//2029
f 1106//2030 1917//2030 1152//2030 1918//2030
f 1107//2031 1918//2031 1149//2031 1108//2031
f 1147//2032 1146//2032 1144//2032 1109//2032
f 1156//2033 1155//2033 1916//2033 1158//2033
f 907//2034 1111//2034 1112//2034
f 1491//2035 1662//2035 1778//2035 1663//2035
f 1144//2036 1110//2036 905//2036 1109//2036
f 1300//2037 1151//2037 1153//2037 1154//2037
f 1151//2038 1300//2038 1490//2038 1301//2038
f 1296//2039 1163//2039 1165//2039 1166//2039
f 1163//2040 1296//2040 1482//2040 1297//2040
f 1918//2041 1152//2041 1150//2041 1149//2041
f 1927//2042 66//2042 1926//2042
f 1926//2043 1925//2043 1924//2043 1929//2043
f 1117//2044 919//2044 918//2044
f 1925//2045 1123//2045 1122//2045 1924//2045
f 1317//2046 70//2046 1124//2046
f 1931//2047 84//2047 763//2047
f 1931//2048 85//2048 84//2048
f 1930//2049 1928//2049 1921//2049
f 1136//2050 1135//2050 1919//2050 1138//2050
f 1121//2051 924//2051 923//2051
f 1140//2052 1305//2052 1500//2052 1306//2052
f 1132//2053 1130//2053 67//2053 1927//2053
f 1137//2054 1139//2054 1141//2054 1140//2054
f 1323//2055 932//2055 930//2055 1321//2055
f 617//2056 616//2056 615//2056
f 1033//2057 1392//2057 1393//2057 1034//2057
f 768//2058 1035//2058 1396//2058 1036//2058
f 767//2059 1034//2059 1035//2059 768//2059
f 1359//2060 983//2060 982//2060 981//2060
f 1351//2061 975//2061 974//2061 973//2061
f 719//2062 970//2062 971//2062 972//2062
f 967//2063 1343//2063 1344//2063 1345//2063
f 1932//2064 716//2064 715//2064 714//2064
f 966//2065 717//2065 716//2065 1932//2065
f 1944//2066 1943//2066 167//2066 165//2066
f 1814//2067 1815//2067 1813//2067
f 1338//2068 1339//2068 961//2068 1337//2068
f 22//2069 1935//2069 23//2069 960//2069
f 966//2070 1932//2070 964//2070 965//2070
f 713//2071 712//2071 1933//2071 714//2071
f 164//2072 444//2072 485//2072 445//2072
f 713//2073 1945//2073 711//2073 712//2073
f 1934//2074 710//2074 709//2074 708//2074
f 943//2075 945//2075 946//2075 1939//2075
f 955//2076 1934//2076 708//2076 1936//2076
f 1936//2077 708//2077 707//2077 706//2077
f 1936//2078 952//2078 954//2078 955//2078
f 956//2079 1333//2079 1909//2079 1334//2079
f 706//2080 705//2080 704//2080 1937//2080
f 703//2081 702//2081 1938//2081 704//2081
f 947//2082 1330//2082 1906//2082 1331//2082
f 949//2083 1937//2083 704//2083 1938//2083
f 1938//2084 946//2084 948//2084 949//2084
f 1939//2085 702//2085 701//2085 700//2085
f 943//2086 1939//2086 700//2086 1940//2086
f 1941//2087 937//2087 939//2087 940//2087
f 701//2088 1957//2088 699//2088 700//2088
f 1940//2089 940//2089 942//2089 943//2089
f 698//2090 697//2090 696//2090 1941//2090
f 1942//2091 30//2091 936//2091 937//2091
f 30//2092 29//2092 934//2092
f 1959//2093 1958//2093 141//2093 1960//2093
f 952//2094 1936//2094 706//2094 1937//2094
f 1951//2095 707//2095 1949//2095 1950//2095
f 1947//2096 711//2096 1945//2096 1946//2096
f 153//2097 1952//2097 1951//2097 1950//2097
f 935//2098 1326//2098 1902//2098 1327//2098
f 342//2099 89//2099 341//2099 340//2099
f 11//2100 75//2100 73//2100
f 86//2101 85//2101 77//2101
f 256//2102 255//2102 758//2102 258//2102
f 248//2103 413//2103 562//2103 414//2103
f 413//2104 248//2104 250//2104 251//2104
f 75//2105 11//2105 1024//2105
f 244//2106 243//2106 751//2106 246//2106
f 236//2107 417//2107 550//2107 418//2107
f 1016//2108 750//2108 749//2108 748//2108
f 417//2109 236//2109 238//2109 239//2109
f 964//2110 1932//2110 714//2110 1933//2110
f 1945//2111 713//2111 1943//2111 1944//2111
f 715//2112 1943//2112 713//2112 714//2112
f 711//2113 1947//2113 709//2113 710//2113
f 1949//2114 709//2114 1947//2114 1948//2114
f 1953//2115 1952//2115 150//2115 1954//2115
f 705//2116 706//2116 707//2116 1951//2116
f 705//2117 1953//2117 703//2117 704//2117
f 709//2118 1949//2118 707//2118 708//2118
f 946//2119 1938//2119 702//2119 1939//2119
f 1963//2120 1962//2120 135//2120 1964//2120
f 703//2121 1955//2121 701//2121 702//2121
f 1957//2122 701//2122 1955//2122 1956//2122
f 697//2123 698//2123 699//2123 1959//2123
f 162//2124 1946//2124 1945//2124 1944//2124
f 697//2125 1961//2125 695//2125 696//2125
f 694//2126 27//2126 1942//2126
f 1967//2127 1966//2127 1965//2127 1968//2127
f 925//2128 683//2128 924//2128
f 687//2129 686//2129 928//2129 688//2129
f 937//2130 1941//2130 696//2130 1942//2130
f 467//2131 454//2131 137//2131 453//2131
f 468//2132 662//2132 900//2132 663//2132
f 476//2133 658//2133 892//2133 659//2133
f 475//2134 450//2134 149//2134 449//2134
f 484//2135 654//2135 884//2135 655//2135
f 483//2136 446//2136 161//2136 445//2136
f 125//2137 127//2137 129//2137
f 1901//2138 1328//2138 938//2138 1327//2138
f 3//2139 30//2139 27//2139
f 1550//2140 1552//2140 1553//2140 1342//2140
f 297//2141 299//2141 19//2141 298//2141
f 1971//2142 1972//2142 404//2142 1970//2142
f 406//2143 24//2143 114//2143
f 407//2144 112//2144 406//2144
f 1983//2145 1982//2145 1977//2145 1976//2145
f 579//2146 1984//2146 1974//2146 1973//2146
f 1983//2147 576//2147 574//2147 573//2147
f 39//2148 1977//2148 1978//2148
f 131//2149 130//2149 132//2149 133//2149
f 120//2150 672//2150 673//2150 121//2150
f 1975//2151 39//2151 407//2151 406//2151
f 126//2152 458//2152 123//2152 124//2152
f 33//2153 4//2153 35//2153
f 413//2154 565//2154 563//2154 562//2154
f 1982//2155 37//2155 33//2155 1980//2155
f 61//2156 60//2156 59//2156
f 1980//2157 1981//2157 1979//2157 1978//2157
f 1974//2158 1972//2158 1973//2158
f 1980//2159 1978//2159 1977//2159 1982//2159
f 581//2160 582//2160 580//2160
f 573//2161 571//2161 34//2161 37//2161
f 606//2162 603//2162 604//2162 605//2162
f 557//2163 556//2163 415//2163 559//2163
f 243//2164 749//2164 750//2164 751//2164
f 4//2165 36//2165 35//2165
f 554//2166 553//2166 416//2166 556//2166
f 625//2167 624//2167 828//2167 829//2167
f 417//2168 553//2168 551//2168 550//2168
f 561//2169 627//2169 832//2169 628//2169
f 545//2170 544//2170 419//2170 547//2170
f 555//2171 557//2171 558//2171 629//2171
f 552//2172 551//2172 553//2172 554//2172
f 542//2173 541//2173 420//2173 544//2173
f 231//2174 741//2174 742//2174 743//2174
f 421//2175 541//2175 539//2175 538//2175
f 534//2176 423//2176 536//2176
f 549//2177 548//2177 550//2177 551//2177
f 422//2178 538//2178 536//2178
f 218//2179 221//2179 423//2179
f 999//2180 734//2180 216//2180 733//2180
f 546//2181 545//2181 547//2181 548//2181
f 526//2182 525//2182 426//2182 528//2182
f 424//2183 534//2183 532//2183 531//2183
f 536//2184 538//2184 535//2184
f 99//2185 18//2185 103//2185
f 429//2186 103//2186 430//2186 197//2186
f 428//2187 100//2187 99//2187
f 514//2188 513//2188 431//2188 516//2188
f 508//2189 507//2189 433//2189 510//2189
f 521//2190 520//2190 522//2190 523//2190
f 505//2191 504//2191 434//2191 507//2191
f 517//2192 101//2192 520//2192
f 515//2193 517//2193 520//2193 519//2193
f 499//2194 498//2194 436//2194 501//2194
f 512//2195 514//2195 515//2195 643//2195
f 509//2196 508//2196 510//2196 511//2196
f 496//2197 495//2197 437//2197 498//2197
f 484//2198 483//2198 445//2198 485//2198
f 506//2199 645//2199 867//2199 646//2199
f 491//2200 439//2200 492//2200
f 492//2201 439//2201 438//2201 495//2201
f 503//2202 505//2202 506//2202 646//2202
f 20//2203 438//2203 109//2203
f 503//2204 502//2204 504//2204 505//2204
f 45//2205 43//2205 667//2205 668//2205
f 676//2206 675//2206 917//2206 677//2206
f 1063//2207 817//2207 1062//2207 1254//2207
f 373//2208 385//2208 370//2208 372//2208
f 371//2209 370//2209 369//2209
f 364//2210 365//2210 366//2210
f 374//2211 375//2211 373//2211
f 364//2212 392//2212 361//2212 363//2212
f 386//2213 387//2213 370//2213 385//2213
f 361//2214 394//2214 358//2214 360//2214
f 359//2215 358//2215 357//2215
f 394//2216 361//2216 392//2216 393//2216
f 352//2217 353//2217 354//2217
f 397//2218 355//2218 395//2218 396//2218
f 398//2219 399//2219 352//2219 397//2219
f 800//2220 302//2220 799//2220
f 590//2221 589//2221 398//2221 592//2221
f 266//2222 762//2222 763//2222 764//2222
f 1028//2223 87//2223 73//2223
f 692//2224 691//2224 690//2224
f 1962//2225 138//2225 136//2225 135//2225
f 65//2226 8//2226 63//2226
f 687//2227 53//2227 7//2227
f 57//2228 680//2228 56//2228 54//2228
f 44//2229 41//2229 463//2229 464//2229
f 1313//2230 1509//2230 60//2230 61//2230
f 926//2231 69//2231 927//2231
f 810//2232 614//2232 613//2232 611//2232
f 1028//2233 73//2233 1027//2233
f 9//2234 69//2234 71//2234
f 6//2235 49//2235 46//2235
f 1805//2236 26//2236 1892//2236 1806//2236
f 1893//2237 1892//2237 26//2237
f 1517//2238 1518//2238 2//2238 1516//2238
f 2//2239 1904//2239 32//2239 1515//2239
f 37//2240 1982//2240 1983//2240 573//2240
f 1981//2241 38//2241 1979//2241
f 51//2242 1967//2242 1968//2242 129//2242
f 51//2243 52//2243 48//2243 1967//2243
f 1385//2244 58//2244 1383//2244 1384//2244
f 66//2245 67//2245 1128//2245 1127//2245
f 341//2246 89//2246 14//2246 270//2246
f 320//2247 319//2247 375//2247
f 96//2248 97//2248 375//2248 319//2248
f 301//2249 19//2249 299//2249 300//2249
f 119//2250 118//2250 120//2250
f 458//2251 118//2251 119//2251 123//2251
f 3//2252 29//2252 30//2252
f 1955//2253 703//2253 1953//2253 1954//2253
f 1979//2254 38//2254 81//2254 407//2254
f 695//2255 1963//2255 693//2255 694//2255
f 82//2256 12//2256 79//2256
f 6//2257 48//2257 50//2257
f 765//2258 1032//2258 1033//2258 766//2258
